학정번호,학기,강의평가
0000-2-0254-01,2020-1,교직과목이 교---직했다. 이번 학기에는 발표 2번 중간 없고 기말 한 번 봤는데 교수님 성격 상 다음 학기는 또 모른ㄷ ㅏ... 근데 아무튼 들으면 좋다
0000-4-6732-01,2020-1,교수님 다음 학기도 수업해주시면 감사하겠습니다..
H000-1-4626-02,2020-2,질문에 대한 피드백도 빠르고 친절하게 가르쳐 주시려고 하는느낌
H000-1-4626-03,2020-2,과목 자체가 어려워서 다른 수강생들도 성적이 좋지 않아서 100점 만점에 40점 넘는 사람이 별로 없어요
H000-1-4626-04,2020-2,과제도 할만하고 플러스도 채워주셔요
H000-1-4626-05,2020-2,프로그래밍 처음 해봤는데 교수님께서 정말 친절하고 자세하게 설명해 주셔서 C 언어를 잘 배울 수 있었던 과목 입니다. 교수님도 정말 젠틀하심
H000-1-4627-01,2020-2,실습 많이해서 좋았음
H000-3-7905-01,2020-2,비율은 모르겠는데 플러스는 꽉꽉 채워주심
H000-2-4970-01,2020-2,정말 착한 교수님 ㅋㅋㅋ 설명 잘 해주시고 질문도 잘 답해주시고 굳굳
H000-2-4970-02,2020-2,근데 2학기때 안계신다던데.... 기회가 된다면 다른과목도 수업해주시면 좋겠다ㅎ
H000-2-4970-03,2020-2,동네형아 퍼펙트하게 씨프를 알려주는 느낌 너무너무 재밌게 공부함 시험은 어렵지만 강의는 정말 좋았다!
H020-1-8297-01,2020-2,빛준혁... 이렇게 프리한 수업은 태어나서 첨입니다. 수업도 빨리 끝나고 유쾌하시며 출석도 널널합니다. 학점은 점수차가 크면 채워서 안주십니다 그게 아쉽..
0000-3-6231-01,2020-1,그저 빛.. 빛준혁..
H020-1-8297-02,2020-2,1교시 출석에 아량을 베푸시고 과제도 매우 쉽게 5번인가 밖에 없는 그는 도덕책..
H020-1-2339-01,2020-2,"교수님이 센스 넘치시고 재밌으심. 그리고 가끔 나오는 드립이 웃기고 귀여우심. 수업은 거의 50분 안에 끝냄. 피피티에 있는 내용,예제, 연습문제, 퀴즈, 과제만 할 줄 알면 실기는 밥도둑. 생각보다 암기가 더 비중이 큰듯 이론 공부도 열심히 해야함."
H020-1-2339-02,2020-2,학점 잘주시고 하는만큼 잘 나옴. 정말 친근하게 대해주시고 수업도 거의 항상 일찍 끝내주심 애들이 프로그래밍 관심너무없어서 좀만 열심히하면 점수잘나옴
H020-1-2339-03,2020-2,교수님은 정말 좋으십니다! 수업 일찍 끝내주실때도 있으시고 시험도 난이도 적당하게 조절하셔서 좋아요! 다만 출석 부르실때 가끔 얼굴 보시면서 출석 부르시고 과제가 5~6전 정도 있어요! 그래도 기간 넉넉히 주셔서 괜찮아요.
H020-1-2957-01,2020-2,수업시간에만 집중하면 a나오는 꿀수업
H020-2-1186-01,2020-2,수업도 계획한거 다하시면 바로끝내주신다
H020-3-0875-01,2020-2,과제가 있는듯..없는듯.. 과제총 4번잇엇는데
H020-4-3507-01,2020-2,전부 30분이면 과제다끝낫다ㅎㅎ
H020-2-0454-01,2020-2,의외로 얻어가는것도 꽤많은 수업 코딩재미써
H020-2-0454-02,2020-2,일단 진도를 계획한 만큼 나가면 일찍 끝내주시는게 너무 좋았음.
H000-1-3095-01,2020-1,시험은 크게 어렵게 나오는게 아니라 복습만 제대로 하면 충분히 점수를 받을 수 있을거임.
H020-2-1462-01,2020-2,열심히 가르쳐주심. 딱 가르쳐주신 정도에서 시험나옴.
H020-2-3703-01,2020-2,시험기간에 복습한번 해주시는데 그건 필참하는게 시험에 도움됨. 젊으시고 게임이야기 같은걸로 수업내용 이해시켜주시는데 이게 은근 기억에 잘 남았음. 추천
H020-2-3712-01,2020-2,ox퀴즈 있음 강의 열정적이시고 친절하시지만 과제나 시험이 좀 어려운듯 학점비율채워주시는 건 그저 빛..
H020-2-3712-02,2020-2,수업자료 좋고 설명도 이해할 수 있게 떠 먹여주시려 노력하십니다. 기본기만 탄탄하게 다져놓으면 에쁠받아갈 수 있습니다. 과제 공유만 하지마세요 굉장히 싫어하십니다.
H020-2-3712-03,2020-2,한글타자150 영어타자80 에게 A+선물
H020-2-4530-01,2020-2,그저 빛  빛용욱 교수님!
H020-2-4530-02,2020-2,제가 수강한 과목중에 제일 잘 가르치시는 분임ㅜㅜ
H020-2-8087-01,2020-2,갓준혁.. 수업도 전달할 내용만 전달하고 딱 끝내주셔서 일찍끝남 시험도 수업시간에 한 만큼 엥간하게 나옴 수업 내용만 제대로 따라가면 잘 받을 수 있음ㅇㅇ 최고 그는 빛..
H020-2-8087-02,2020-2,목소리가 좋고 설명을 잘해주셔서 듣기 편했음
H020-2-8087-03,2020-2,과제는 적당한것같음 학점은 비율맞춰서 주시는듯
H000-1-3095-02,2020-1,강의 교재나 시험이 영어로 출제되기는 하나 어려운 영어 는 아님. 과제 난이도나 출제 난이도는 무난함.
H020-2-8992-01,2020-2,나름 쉽게 설명해주시고 과제도 쉬운 걸로 내주셔서 좋았음 다만 강의 자료가 영어고 과제랑 시험 문제도 영어라서 좀 힘듦 ㅠ
H020-3-0458-01,2020-2,학점에 대해서는 살짝 의문점이 들지만 강의는 맘에 들음. a+기대하고 있었는데 a받음.
H020-3-0492-01,2020-2,교수님이 일단 너무 유하시고 착하시다.
H020-3-0969-01,2020-2,강의력은 솔직히 떨어지는게 느껴지지만 세세한 설명과 as로 보상해주심
H020-3-1110-01,2020-2,온라인강의 대신 심화강의가 있으면 좋겠다고 생각함
H020-3-1110-02,2020-2,모르는 것에 대한 질문 답변은 굉장히 잘해주시고 온라인강의도 병행했어서 꿀이었음
H020-3-3659-01,2020-2,말이 필요한가 그는 진짜 교수님이다. 모르는 거 질문하면 상세히 알려주고 이해 안될거같은 부분도 잘 설명해주심 1학년과목이다 보니 새내기들이 질문도 잘 안하고 하지만 분명 2. 3 학년때 다시 만날 기회가있을텐데 어지간하면 이교수님 강의 들으세요
H020-3-4534-01,2020-2,진짜 개별로임..... 내마음의 별로...☆☆☆갓호영 사랑합니다
H020-3-5694-01,2020-2,그냥 최고의 교수님 시프계 하느님...이걸 듣지 못한 당신들이 불쌍해!
H020-3-8994-01,2020-2,꼭들어 지림 지려지려지려지려지ㅈㅕ지려지려지려지려지려디려자��
H000-1-3095-03,2020-1,무슨 강의평을 성의있게쓰래...그냥 최고임
H020-3-9719-01,2020-2,수업 때 집중하면 잘 따라가실 수 있습니다.
H020-4-4181-01,2020-2,"교수님도 융통성 있으시고 , 과제도 많지 않습니다."
H020-4-6897-01,2020-2,삼전연구소에 계시다 이번에 새로오신 교수님입니다. 광운대에서 들었던 전공 강의 중에서 가장 좋았습니다. 수업의 질뿐만 아니라 ppt 자료도 좋았습니다. 구글 코랩을 이용하여 병렬 프로그래밍을 해 볼 수 있어 좋았습니다. 과제도 강의만 잘 듣는다면 충분히 할 수 있는 수준이예요. 담 학기 교수님 수업 있다면 들을 예정입니다!
H020-4-8996-01,2020-2,"강의는 정말 좋았다. GPU의 구조부터 병렬컴퓨팅, 병렬알고리즘 방법론까지 상세하게 설명을 들을 수 있었다. 그리고 질문을 하면 너무나 자세하게 알려주신다. 매우 좋은 강의였다. 다음학기에도 이분 수업이 있다면 들을거 같다."
H020-4-8997-01,2020-2,아무튼 강추 걍 들어요
0000-2-0254-01,2019-1,"나는 개인적으로 정동훈교수님 수업방식이 좋음. 물론 팀원을 잘 만나야 뭐든 돌아가겠지만,, 미디어는 미디어 나름 바쁘고 소프트웨어는 소프트웨어 나름 바쁜 수업임. 과제도 많고 그래서 머리도 터지는 수업이긴 하지만 웬만하면 성적 잘 주시려고 하시고 피드백도 많이 주심. 팀티칭 원할 때 받을 수 있도록 해주심."
0000-2-0258-01,2019-1,교수님은 정말 친절하시고 학생들을 많이 위하시는게 보임. 수업방식도 다른 수업과는 다르게 서로 얘기하는게 많다보니 또 이런게 싫은 사람이라면 피해야함. 교수님 가끔 알려주고 싶어하시는게 너무 많아서 막 생각대로 전달되는게 안될 때도 있음. 그래도 이 분야에 대해선 배울게 있다고 난 생각한다. 좋은 수업임.
0000-2-0263-01,2019-1,다른 전공 2개 +교양 1개 할수있는 노력과 시간을 투자해야됨
0000-2-0268-01,2019-1,"자기 프로젝트? 스펙도 하나 챙기고, 생각의 질도 풍부해지는 좋은 수업.?"
0000-2-7467-01,2019-1,학점은 과제 프로젝트만 잘하면 A+입니다. 출석은 꼭 하시고요!!!
H000-1-3095-04,2020-1,정동훈 교수님 이면 믿고 듣는 수업!!
0000-2-9749-01,2019-1,학생 이렇게 잘 챙겨주시는교수님은 아마 없을거라 생각합니다!
0000-3-7468-01,2019-1,수업은 항상 유익하고 이해하기도 쉽습니다. 교수님 수업을 들은 후 생각하는 것도
0000-3-8604-01,2019-1,중간고사 시험 이후 전부 온라인 수업. 과제는 밀리지만 않으면 충분히 할 수 있는 정도.
0000-4-0262-01,2019-1,친절하신 설명과 애정어린 가르침 너무 좋습니다.
0000-4-6585-01,2019-1,열심히 하는만큼 나올 수 있었다고 생각합니다.
0000-4-6732-01,2019-1,학기말 과제로 조금 어려운 과제가 나갈 수 있음.
0000-3-6231-01,2019-1,이론 위주의 수업내용.
H000-1-3414-01,2019-1,수업에 집중해서 들었으면 시험은 어렵지 않음.
H000-1-3414-02,2019-1,전반적인 보안개론에 대해 배워갈 수 있었습니다.
H000-1-3415-01,2019-1,신영주 교수님 수업 스타일 좋아하시면 이 과목도 좋아하실 것 같네요.
H000-1-3095-05,2020-1,과제는 없고 팀 발표 하나 진행하시면 됩니다.
H000-1-3415-02,2019-1,시험: 교수님이 수업시간에 하는 내용 위주로 많이 내십니다. 필기 열심히 하시고 pdf파일 잘 공부하시면 성적은 잘 받으실 수 있으세요.
H000-1-4625-01,2019-1,"발표: 팀플로 해도 되고 개인과제로 해도 되는데, 학기말에 교수님이 수업진도 다 나가시고 학생들이 자신들이 선택한 주제(교수님이 주제들 올려주심, 다른팀과 겹칠 수 밖에 없는구조) 발표하는게 하나 있습니다. 기간은 되게 넉넉히 주시고, 발표에서 굳이 변별력은 없는거 같습니다."
H000-1-4625-02,2019-1,"수업내용: 주로 정보보안 관련 기초이론을 배웁니다. 4학년 과목이긴 한데, 2,3학년이 들어도 이해에 문제 없는 수준으로 잘 설명해주십니다. 수업도 일찍 끝내시는 경우도 많으시고 저는 5점 드리고 싶었지만 발표스트레스 때문에 4점 드립니다."
H000-1-4625-03,2019-1,"15분가량 데이터구조 프로젝트 설명 해주고 나머지는 코딩시간입니다. 고프실과 비슷. 3시간에 1학점이어서 가성비가 매우 좋지 못하지만 프로젝트에 쓰이는 STL을 배우고, 조교들에게 프로젝트 질문을 할 수 있는 공식적인 시간이기 때문에 하는것을 추천합니다. 실습은 프로젝트 점수로 대부분 결정됩니다. (출결은 들어간다는 의견 안들어간다는 의견 갈림)"
H000-1-4625-04,2019-1,C++로 모든 수업을 진행하니 1학기에 객체를 안들었거나 망쳤다면 과제부터 힘듬.
H000-1-4625-05,2019-1,작은 과제 4개 + 프로젝트 3개로 코딩을 잘 못하면 한 학기내내 과제로 밤샘하다 끝남.
H000-1-4628-01,2019-1,재수강생도 굉장히 많기 때문에 코딩을 잘하는 고학번들이 상위를 다 먹음.
H000-1-9756-01,2019-1,중간고사는 강의자료 코드 / 기말고사는 강의자료 + 과제/증명 @ 정도?
H000-2-4969-01,2019-1,"DS를 제대로 이해하고 코드를 적당히 따라쓸 수 있으면 시험 점수는 잘 나오나,"
H000-2-4969-02,2019-1,중간 때는 분별력이 없어 코드 한 문제만 틀려도 20등씩 떨어지는 치열한 수업.
H000-1-3095-06,2020-1,"프로젝트 3개 중 2개를 못 낼 경우 F, 1개를 못 내면 아무리 잘해도 B 정도 받음."
H000-2-4969-03,2019-1,"하지만 교수님의 열정적인 모습과 최대한 이해하기 쉽도록 DS를 설명해주신다는 점,"
H000-2-7740-01,2019-1,수업을 따라갈 정도로 학생이 열심히만 한다면 얻어가는 것도 많은 좋은 수업.
H000-3-6591-01,2019-1,교수님 너무 기여우고 재치있으십니다♡
H000-3-7905-01,2019-1,이기훈 교수님 짱짱
H000-3-9757-01,2019-1,이 수업 들으면 밤샘은 필수입니다. 그래도 이기훈 교수님 내년에 수업 안하신다네요... 화이팅
H020-1-0019-01,2019-1,컴공 2-2를 빡빡하게 만드는 주요 과목 중 하나... 적당히 난이도 있는 프로젝트 3개 나오고 짜잘한 과제도 초반에 있고.. 시험도 2번 코드 위주로 나온다.
H020-1-0019-02,2019-1,디논2와 어셈을 같이 듣는다면 쉴틈없이 계속 과제 플젝 과제 플젝 이런식으로 해야 다 낼 수 있다 ㅠ
H020-1-0019-03,2019-1,시험은 진짜 싹다외우면 만점받을수 있을정도로 자료랑 거의똑같이 나온다.
H020-1-2957-01,2019-1,"초반에 학생들 수강인원 너무 많아서 드랍 시키기 위해 과제 4번 짜잘하게 내주시고, 3번의 프로젝트 중간 기말로 다 평가하셨다. 이번에는 프로젝트 쉬워서 대부분이 제출 했고 리눅스로 코드 채점한다... 중간고사는 진짜 강의자료 코드 다 나와서 평균 개높고 기말고사는 강의자료 코드 + 자료구조 사용한 문제 몇개 나온다... 대부분이 다 점수가 잘 나와서 중간고사 망치면 따라가기 어려울듯 하다.."
H020-1-2957-02,2019-1,교수님은 정말 우리 생각 많이하심.
H000-1-3095-07,2020-1,문제는 조교 시발새끼..
H020-2-0819-01,2019-1,수업은 알차고 재미써요
H020-2-0819-02,2019-1,하지만 1차플젝 망하면 복구 힘들어요
H020-3-1942-01,2019-1,시험은 강의자료 코드에서 나와요 이게 나올까 싶은거도 다나와요
H020-1-8101-01,2019-1,암기식 시험문제를 출제하시고 프로젝트는 3개 였어요.포기하지 마시고 꾸준히 하시는 것 밖에 답이 없네요...
H020-2-0453-01,2019-1,나에겐 너무 어려운 과제
H020-2-0453-02,2019-1,하지만 시험은 그럭저럭 볼 수 있었음
H020-2-1994-01,2019-1,과제 한번 실수하면 빠이루에여ㅠㅠ 그리고 대답 잘해야지 교수님이 좋아하셔서 A비율을 높여주시지 않을까 싶네요 이번에 다들 대답 잘 안해서 아주 짜게 주셨지욤...ㅎㅎ
H020-2-1994-02,2019-1,조교들 말이 다르다 하는데 그냥 프로젝트 제안서 보고 진행하면 됩니다.
H020-2-8086-01,2019-1,그리고 암기식 코딩이라는 거에 대해서는 어느 정도 동의하는 바이나 해당 알고리즘을 이해하면 굳이 다 안 외워도 풀 수 있습니다
H020-2-8086-02,2019-1,모든 것엔 장단점이 존재합니다.
H000-1-3095-08,2020-1,강의력은 좋으나 암기식 시험.
H020-2-8086-03,2019-1,서로 말이 다른 조교 하지만 어렵지 않은 프로젝트
H020-2-8481-01,2019-1,끝까지 한다면 비 이상은 나오는 과목
H020-2-8481-02,2019-1,"이번학기에 잘하는 복학생들이 너무 많아서 그런가 중간, 기말 변별력 없다"
H020-2-8482-01,2019-1,교수님 강의는 매우 좋음!!!
H020-2-8482-02,2019-1,실수하면 끝이다...ㅠㅠ
H020-2-8482-03,2019-1,강의자료를 외워라. 특히 그 안에 있는 모든 코드들의 지식
H020-3-0922-01,2019-1,그것이 곧 너의 점수니라
H020-3-0922-02,2019-1,난 천국을 맛보았기에 5점을 선사한다
H020-3-1647-01,2019-1,"중간, 기말 변별력 전혀 없고 시험 문제는 오로지 암기식 코딩이라 대체 무엇을 배우려고 이곳에 왔나 자괴감이 들었다."
H020-3-1654-01,2019-1,교수님 수업좋아뇨.. 과제도 난이도 나쁘지않음 신경쓸게 많은 수업이지만 내가 정말 많은걸 얻어간다는게 느껴짐
0000-2-0258-01,2020-1,"시험도 토요일, 퀴즈도 토요일에 봐서 통학러들의 고통은 이루 말할 수 없으며, 그에 비해 성적은 매우 깐깐하게 제공한다"
H000-1-3095-09,2020-1,프로젝트 ㅈㄴ 어려우니까 열심히하세요
H020-3-2004-01,2019-1,"리눅스를 사용하여 과제물을 구현하지만, 결국은 c++로 다 만들어 놓고 제출할 때만 리눅스를 사용하여 굳이 왜 리눅스를 써야하는지도 의문이다"
H020-3-3704-01,2019-1,나는 충분히 재밌던 수업이였음
H020-3-3704-02,2019-1,"과제의 난이도는 개개인에 따라 다르겠지만, 만약 혼자 수업을 듣고 처음 배우는 것이라면 극악의 난이도를 자랑한다.(어지간 했으면 100명 중 30명 이상이 포기를 할까)"
H020-3-3704-03,2019-1,들을만 하던데 왜들 그러지
H020-3-3831-01,2019-1,"과제 기한이 3주 쯤 된다고 한다면 1주일에 한번씩 과제물의 내용이 수정 및 추가되는 것도 문제지만, 가장 큰 문제는 이에 대한 정확한 답변을 해주는 조교가 해당 문제를 제작한 조교 뿐이라는 것이다. 때문에 A 조교 말을 듣고 a 방식대로 코드를 짰으나, B 조교의 말은 이와 달라 어느 장단에 맞춰야 할지 모른다는 것이다."
H020-3-8993-01,2019-1,재밌는것 같은데
H020-3-8993-02,2019-1,"위에 언급한 것보다 훨씬 많은 단점이 존재하나, 여기까지만 적도록 하겠다. 전공 필수이니 들을 수 밖에 없겠지만, 꽤나 성가신 과목임에는 틀림없다."
7220-4-0846-01,2019-1,"또한, 이는 모두 글쓴이인 나의 주관적인 생각이므로 이 글에 대한 어떤 생각을 갖던 그것은 자신의 몫임을 인지하기 바란다."
7220-4-5190-01,2019-1,교수님 유머러스하시고 강의력 좋습니다
H000-1-3414-01,2020-1,학생을 위한 강의
7220-4-5191-01,2019-1,교수님 강의력 컴공에서 상위권이고 강의자료 설명 정말 우수함
7220-4-5861-01,2019-1,얻어가는게 정말많은 과목임
7220-4-8483-01,2019-1,시험이 쉽지만.... 올해 애들이 잘해서 그건 난이도 조절이 제대로 안된거라...
7220-4-8995-01,2019-1,어쩔수없었다고 생각함
7220-4-9720-01,2019-1,하나 아쉬운게 있으면 프로젝트 짠 조교가 수업 때 들어와서 프로젝트좀 설명좀
0000-2-0266-01,2019-2,"해줬으면 좋겠음... 함수라던지, 예외처리 제한사항이라던지 그자리에서"
0000-2-7471-01,2019-2,애들한테 질문도 받아주고 했으면 좋겟음
0000-2-7472-01,2019-2,프로젝트를 조교 한명이서 다 짜버리니 실습을 듣는다쳐도 그 수업에 프로젝트 짠 조교가 없다면 메리트가 아예없음 이상하게 자기가 짠 코드가 아니니 질문해도 대답을 틀린대답을 해주는 조교도
0000-3-0261-01,2019-2,"몇 있고 아예 스켈레톤코드, 답안코드를 1도 안본조교도 있었으니 ....참;;"
0000-3-0265-01,2019-2,교수님이 재미있게 차근차근 잘알려주세요 대답을 잘해야 교수님이 좋아하심 대신 주목받으�� 끝까지 대답해야함
H000-1-3414-02,2020-1,한명이라도 더 이해시키려는 교수님이심 수업 잘듣고 과제 열심히하면 점수 잘받을 수 있음
0000-3-6026-01,2019-2,교수님이 학생들을 많이 생각하신 다는게 느껴짐
0000-3-6224-01,2019-2,나름 유익한 수업이였습니다
0000-3-8605-01,2019-2,최대한 잘 알려주려 하시고 많은 학생들을 이해시키려 하심 그래서 배울 예정에 없던 STL같은 것도 배웠음 처음에 배울땐
0000-3-9745-01,2019-2,그저 졸릴뿐
0000-3-6217-01,2019-2,불만이 많았지만 지금 학기 끝날때쯤엔 교수님의 혜안을 느낄 수 있었음
H000-1-3362-01,2019-2,"3개의 프로젝트, 모두 2~3인으로 팀을 구성하여 과제 제출"
H000-1-3362-02,2019-2,"1차는 코드, 보고서 모두 팀별로했고 2차부터 코드는 개인별 제출, 보고서는 팀별제출이었는데 보고서를 분담해서 하니 부담이 줄어서 좋았음. 항상 과제는 금요일 마감이고 토요일에 퀴즈를 보기때문에 주말알바는 포기하시는것이 좋습니다."
H000-1-3362-03,2019-2,작년이랑 교수님이 바뀌어서 굉장히 열의가 넘치십니다. 재수강한 입장으로써 작년보다 올해가 이것 저것 물어보는 것도 많지만
H000-1-3362-04,2019-2,그냥 무난합니다
H000-1-3362-05,2019-2,더 만족스럽습니다.
H000-1-3414-03,2020-1,실습 시험=프로젝트 퀴즈
H000-1-3362-06,2019-2,"점수가 코드점수*퀴즈점수 라, 둘 다 잘 나와야지 총점이 괜찮게 나온다"
H000-1-3362-07,2019-2,퀴즈는 쉬운편. 전공과목이라 학점이 짜다
H000-1-3362-08,2019-2,플젝 잘하면 됨
H000-1-3362-09,2019-2,시험을 꼬아서 내거나 하는 스타일은 아니심
H000-1-3416-01,2019-2,개인적으로 강의력은 좋다고 생각함
H000-1-3417-01,2019-2,다만 내가 잠을 못이길뿐...
H000-1-4626-01,2019-2,과제만 다 해서 내도 큰 무리 없이 지나갈 수 있음
H000-1-4626-02,2019-2,하다가 어려운 부분은 인터넷 참고해서 하면 금방 함
H000-1-4626-03,2019-2,강의는 그냥 들으나 마나입니다 . 강의에서는 나무에 물주는법을 가르쳐준다면 해야하는것은 종이를 만드는것을 알려주는 느낌입니다.
H000-1-4626-04,2019-2,교수님이 앞에 나와서 발표시키시는데 발표때 많이 나가면 추가점수가 꽤 짭짤합니다. 그리고 퀴즈는 학생들에게 질문을 해서 학생이 모른다면 퀴즈를 봅니다. 퀴즈 제외하면 중간기말 2번시험을 봐요. 주관식인데 거의 과제와 유사합니다 .
H000-1-3415-01,2020-1,뭐이건 컴공 종특이니 그려려니 해야합니다.
H000-1-4626-05,2019-2,"설명 정말 잘해주시고, 과제 난이도도 무난한 편입니다. 수업시간에 예제소스 보면서 설명하는걸로 가산점 주시는데 그 가산점이 꽤 커요. 시험 난이도도 과제 직접 했으면 쉽게 풀 수 있으실 겁니다."
H000-1-4627-01,2019-2,과제 1차 2차 3차만 잘 마무리하면 B+은 나옵니다.
H000-2-4970-01,2019-2,다만 조교 잘못걸리면 답없습니다.
H000-2-4970-02,2019-2,19년2학기에 적폐 ㅈㅁㅈ조교님이 졸업하심으로서 후배님들은 좀 더 행복한 삶을 사실수 있으리라 장담합니다.
H000-2-4970-03,2019-2,다들 구체적으로 말씀해주셔서 저는 다른점 말해보겠습니다.
H000-1-9756-01,2019-2,포인터의 개념이 흔들리시거나 잘 활용하시지 못하면 피보십니다.
H000-3-7741-01,2019-2,1학년이나 2학년 1학기때 놀아서 포인터 공부를 대충했다 하시면 방학때 공부 좀 해놓고 가세요
H000-3-7605-01,2019-2,무난하게 갈 수 있는 과목
H020-1-8297-01,2019-2,디논 어셈 디에스 오픈소스
H020-1-8297-02,2019-2,시간분배만 잘하면 된다. 난이도는 높지않은편
H000-1-3415-02,2020-1,잠들지 않으면 좋은 수업임
H020-1-2339-01,2019-2,졸립긴하지만 전공 강의는 원래 다 졸립다
H020-1-2339-02,2019-2,설명 잘해주십니다.
H020-1-2339-03,2019-2,과제 난이도는 보통입니다.
H020-1-2957-01,2019-2,수업을 들어보면 교수님이 알기 쉽게 설명을 잘 해 주십니다. 문제는 집중해서 듣기가 힘듬..
H020-3-0875-01,2019-2,이정도면 아주좋지도 아주별로도 아닌 수업인듯 과제는 윈도우상에선 쉽게�榮쨉� 리눅스에서안되서 포기하고 낸게 많고 ㅋㅋㅋ 시험은 ㄱㅊ음 코드도 크게 복잡한ㄱ없고
H020-2-0454-01,2019-2,밑에놈은 실력이 없어서 저런 소리 하는거고
H020-2-1462-01,2019-2,조금만 공부하면 다 풀수 있게 나옵니다
H020-2-3703-01,2019-2,교수님 정말정말 천사심 ㅠㅠㅠㅠ 사랑합니댜...!
H020-2-3712-01,2019-2,하지만 강의력은 별로인건 사실
H020-2-3712-02,2019-2,과제도 쉬운편이었는데 호들갑떨지말자
H000-1-4625-01,2020-1,1. 강의력: 문장 읽는것과 다름이 없음
H020-2-3712-03,2019-2,2. 시험: 알고리즘이 아니라 소스코드를 다 쳐 외워야함.
H020-2-4530-01,2019-2,3. 실습과제: 입에서 욕이 자동으로 나오게 됨
H020-2-8087-01,2019-2,컴공 최악의 과목
H020-2-8087-02,2019-2,컴공 2학년 고비중 하나를 담당하는 DS. skeleton code가 있기때문에 노력만 한다면 충분히 과제를 수행할 수 있다. 당신이 노력을 한다면 말이다.
H020-2-8087-03,2019-2,포기하지말고 끝까지 열심히 하면 충분히 다 할 수있다.
H020-2-8992-01,2019-2,앞에가서 발표 안해도 시험만 잘치면 A+ 나옵니다.
H020-3-0458-01,2019-2,과제 거의 모든 분들 만점 주시고 시험도 명확한 기준으로 점수 주십니다.
H020-3-0492-01,2019-2,젊은 교수님이라 융통성 있으시고 출결만 적당히 지킨다면 C+ 이하로는 안주십니다.
H020-3-0969-01,2019-2,시험 못쳐도 C+ 이상으로 나옵니다.
H020-3-1110-01,2019-2,교수님 인강 잘 해놓으시고 설명도 잘 해주셔서 1학년 컴공 C1 에게는 천국과 같은 수업입니다.
H000-1-4625-02,2020-1,상상 그이상의 천사를 보실 수 있습니다ㅎㅎ
H020-3-4534-01,2019-2,수업 진도에 맞게 인강만 잘 들으시면 수업시간에 발표하는거? 엄청 쉽습니다.
H020-3-5694-01,2019-2,인강도 c언어 하나도 모르는 사람이 한번 들으면 바로 이해할 수 있을 정도로 수업을 엄청 잘하셔서 정말 도움이 많이 됩니다.
H020-3-8994-01,2019-2,중간 기말시험은 중간에 했던 과제에서 다 나옵니다. 한문제?빼고 다 과제에서 나옵니다 정말로.
H020-3-9719-01,2019-2,만약 당신이 황호영교수님의 수업을 듣게 되었다? 당신은 행운아
7220-4-4181-01,2019-2,"교수님이 좋으신 분입니다! 학점도 +거의 채워주시고, c++ 하실 줄 알면 듣기에 더 수월할거에요"
7220-4-6897-01,2019-2,그냥 나쁘지 않게 들을 수 있는 수업인 것 같다 성격도 좋으 신 분
7220-4-8996-01,2019-2,수업에 열정이 있으신 분임 설명도 알아듣기 쉽게 잘 해주심
7220-4-8997-01,2019-2,간혹 이런거까지 알아야하나 하는게 있긴 한데 이거 빼고는 다 좋은 교수님
7220-4-9433-01,2019-2,질문도 잘 받아주시고 강의력 좋아요
H000-1-4625-03,2020-1,어렵다 하지만 도움은 된다. 양학러들이 너무 많이 듣는 수업이였다. 굉장히 잘하는 애들이 많았다 ㅠㅠ
H000-1-4625-04,2020-1,개인적으로 친해지고 싶은 교수님. 강의실을 열정으로 가득 채우십니다. 수업시간 때 알려주시는게 많아서 강의 끝나고도 도움을 많이 받습니다
0000-2-0263-01,2020-1,다른 교수님들보다도 하나라도 더 알려주려고 하시는 교수님. 시험은 어려울 지 모르지만 평소 수업때는 배우면 도움이 되는 것을 알려주심
H000-1-4625-05,2020-1,"수업이 좀, 재미가 없어요. 인강 50퍼는 정말 신의 한 수. 계속 했던거 하는 느낌이었으나, 몰랐던 부분을 확실히 알고 가는 기회로 여겼으면 좋겠습니다. 조교 형한테 도움 많이 받았는데 다음에는 달라질테니 의미 없겠네요."
H000-1-4625-06,2020-1,중요한 부분 정확히 찝어주시고 자세하고 알아듣기 쉽게 설명 잘해주십니다. 워낙 말투가 높낮이가 없다보니 조금 졸린건 사실이지만ㅠ 실습?때 강의실 다 돌아다니면서 질문 받으시고 친절하게 알려주십니다! 시험 문제도 쉬운편이에요. 열심히 한 만큼 성적 받아가는 수업입니다.
H000-1-4628-01,2020-1,그냥 그런 강의. 일단 매주 과제 있어서 귀찮음.
H000-1-9756-01,2020-1,첫번째 과제가 좀 어려워서 힘들었고 두번째과제는 할만했음 시험도 딱히 잘 공부하면 어렵지는 않긴 함 매주 레포트 쓰는게 있긴 한데 그것도 은근 도움��
H000-2-4969-01,2020-1,강요에 의해서든 교양으로 들으시든 이 강의를 들으시는 분은
H000-2-4969-02,2020-1,기대하셔도 좋습니다
H000-2-4969-03,2020-1,부담없이 누구나 열심히 배울 수 있고
H000-3-7905-01,2020-1,갠적으로 교수님 조교님 열정도 상당하다고 생각해서
H020-1-0019-01,2020-1,5점 드립니다
H020-1-0019-02,2020-1,원래 어셈블리 과목이 이준환교수님이 강의하시는 과목인데
0000-2-0268-01,2020-1,2015년이 안식년이셔서 심동규교수님께서 대신 강의하셨습니다.
H020-1-0019-03,2020-1,나쁘지 않았음. 인강을 먼저 듣고 수업시간에 질문하는 방식이였는데 처음에는 내용이 이해가 잘 안갔지만 나중에 공부하고 반복해서 들으니까 이해가 잘 되는 듯. 프로젝트 준비가 많이 미흡했던 점이 가장 아쉬웠다.
H020-1-2957-01,2020-1,수업은 ARM으로 거의 다 하셨고 마지막쯤에 intel도 배웁니다.
H020-2-0819-01,2020-1,
H020-2-0819-02,2020-1,어셈블리어 뿐만 아니라 컴퓨터의 기본 구조도 배웠습니다.
H020-3-1942-01,2020-1,심동규 교수님은 컴퓨터에 대해서
H020-1-8101-01,2020-1,정말 해박하시고 지식이 풍부하셔서 강의의 퀄리티가 정말 높았습니다.
H020-2-0453-01,2020-1,
H020-2-0453-02,2020-1,이따금씩 강의도중에 공학도가 가져야 할 마음가짐이나
H020-2-1994-01,2020-1,"장래에 대해서 말씀해주시는 데, 정말 주옥같은 말씀이 많습니다."
H020-2-1994-02,2020-1,다 귀담아 듣고 필기해서 곱씹어야 할 정도로 좋은 말씀 많이 해주십니다.
0000-2-9749-01,2020-1,
H020-2-8086-01,2020-1,과제는 7번 정도에
H020-2-8086-02,2020-1,ARM어셈블리로 프로젝트 1번
H020-2-8086-03,2020-1,intel어셈블리로 프로젝트 1번
H020-2-8481-01,2020-1,총 2번의 프로젝트가 있습니다.
H020-2-8481-02,2020-1,
H020-2-8482-01,2020-1,성적은 비율에 맞게 꽉꽉 채워주십니다.
H020-2-8482-02,2020-1,매주 실습을 하고 과제가 나오지만 인터넷 강의를 들었다면 풀 수 있는 수준
H020-2-8482-03,2020-1,프로젝트는 이번에 난이도 조절을 실패해서 많이 어려웠지만 대체로 과제를 직접했으며 수업을 꾸준히 들은 사람은 무난하게 풀 수 있음
H020-3-0922-01,2020-1,장점: 이준환 교수님. 시험은 열심히 공부 했다면 잘 볼 수 있음. 얻어가는 것도 상당히 많음
H020-3-1647-01,2020-1,"중간은 다른 강의랑 유사, 기말은 프로젝트 내용에서 나옴"
0000-3-7468-01,2020-1,단점: 다른 강의들과 다르게 온라인이지만 실습이 있어서 시간이 150% 듬
H020-3-1654-01,2020-1,그렇지만 장점이 단점을 분쇄하므로 그냥 들으십쇼
H020-3-2004-01,2020-1,프로젝트 나오기전까지 쉬움.
H020-3-3704-01,2020-1,근데 쉽다고 공부 대충하면 프로젝트 망함.
H020-3-3704-02,2020-1,공부 열심히 했다고 가정하고
H020-3-3704-03,2020-1,시간투자만 하면 프로젝트 구현 가능.
H020-3-3831-01,2020-1,가장 남는게 많음.
H020-3-3831-02,2020-1,올해에 갑자기 난이도가 어려워졌다.
H020-3-8993-01,2020-1,"과제 난이도는 크게 어렵지는 않은데, 프로젝트가 최적화를 시켜야해서 조금 힘들었음. 시험도 그냥 과제 꾸준히 스스로 하면 풀 수 있는 정도고, 기말은 플젝에서 나오는거라 플젝 하면 기말도 가지고 가는 과목"
H020-4-0846-01,2020-1,개인적으로 별로 의미없는 과목이라고 생각한다.
H020-4-3112-01,2020-1,이거 들을바에 다른거 듣는다.
0000-3-8604-01,2020-1,항상 느끼는거지만 이준환 교수님 강의들은 할땐 ㅈ빠져도
H020-4-5191-01,2020-1,가장 남는게 많음.
H020-4-5861-01,2020-1,어셈이 제일 편했음
H020-4-8483-01,2020-1,시험공부 대충하면 안됨
H020-4-8995-01,2020-1,부동소수점 반드시 잘 알아야함
H020-4-9615-01,2020-1,과제 몇번 하다보면 코딩하는법은 대충 익힙니다.
H020-4-9720-01,2020-1,문제는 Floating point입니다. 그래서 Floating point연산을 어셈블리 코드로 구현하고 최적화만 더 해주면 프로젝트에서 좋은 점수를 받을 수 있다고 생각합니다. 기말은 플젝에 관한 거로 나왔습니다.
0000-2-0266-01,2020-2,컴공 2학년 2학기의 삼대장중 하나인 어으셈도 역시 갓준환!
0000-2-7472-01,2020-2,과제 많은데 선배자료있으면 좋음
0000-3-0261-01,2020-2,과제가 일주일에 하나씩 나오는데 생각보다 얼마 안걸림!!
0000-3-0265-01,2020-2,한번 인강 한번 큐앤에이라 개인적으로 나는 개좋았음
0000-4-0262-01,2020-1,"극한의 컴공 2학년 2학기 삼대장(DS, 디논2, 어셈블리) 중 하나입니다."
0000-3-6026-01,2020-2,매주 과제가 나옵니다. 기말고사시즌이 지나면 2주 반의 기간을 주고 프로젝트가 나옵니다. 기말고사는 프로젝트 제출 후 프로젝트와 관련된 퀴즈로 대체합니다. 다른 두 전공과 비교하면 난이도는 중하 정도. 퍼포먼스로 차등을 두고 점수를 준다고 하지만 대체로 과제 성실히하시면 점수 잘 나와요.
0000-3-8605-01,2020-2,프로그래밍 언어에서 로우 레벨과 하이 레벨의 차이 아시죠?
0000-3-9745-01,2020-2,어셈블리는 사람이 이해 가능한 수준에서 가장 로우 레벨의 언어입니다.
0000-4-3538-01,2020-2,기계어와 1:1 matching이구요.
0000-3-6217-01,2020-2,솔직히 쉽지 않습니다
0000-3-6224-01,2020-2,그래서 수업 듣기 전에는 로우레벨이라 막연하게 어렵다고 예상 하실 수도 있는데
H000-1-3362-01,2020-2,오히려 로우 레벨이라 명령어 하나하나의 복잡성은 낮습니다. 매주 나오는 과제는 그런 간단한 명령어들을 실제로 써보고 '아 이게 이런 코드구나!' 를 알게 하는 정도의 수준이라서 어렵지 않습니다. 그래서 밑에분 말대로 과제 점수는 거의 대부분 잘나옵니다.
H000-1-3362-02,2020-2,"근데, 뭐… 어렵다고 느낄수도 있죠"
H000-1-3362-03,2020-2,다만 겉핥기로 아시면 중간/기말 고사는 어려우실수있어요. 기초 개념부터 탄탄하게 보시고
H000-1-3362-04,2020-2,과제 빼먹지않고 다 하면 못해도 비쁠은 나올거에요
0000-4-6585-01,2020-1,초반에는 쉽습니다 화이팅
H000-1-3362-05,2020-2,아마 들으시는 학기에도 크게 다르시진 않을겁니다.
H000-1-3362-06,2020-2,교수님 정말 세세하게 수업하시고 수업시간 꽉 채워서 자세하게 알려주십니다. 과제는 역시 매 주 나오고 처음 접한 어셈블리어라서 쉽지는 않았던 거 같습니다... 프로젝트는 좀 더 어려워서... 포기하는 사람이 많습니다... 학점은 채워주시는 것 같습니다.
H000-1-3362-07,2020-2,이준환 교수님보다 시험은 좀 쉬운거 같지만....수업을 열심히 들을 자신이 없다면 이준환교수님 수업으로 인강을 들으시는게 더 좋을 것 같아요!
H000-1-3362-08,2020-2,시험은 이론 암기 50% 실습 내용 50% 나옵니다... ㅎㅎㅎ 중간고사 때는 이런걸 외우게 하나 싶을 정도의 문제 나옵니다... 교수님 되게 젠틀하시고 잘 가르쳐 주시는데 졸려요.. ㅎㅎㅎㅎ 음.. 학점은 잘 주시는거 같네요..
H000-1-3362-09,2020-2,그냥 전체적으로 쉬워요! 조금만 열심히 하시면 됩니다.
H000-1-3416-01,2020-2,교수님 굉장히 좋으십니다. 온라인강의 듣고
H000-1-3416-02,2020-2,Q&A식으로 수업하고 하루는 조교님들 들어와서 실습합니다.
H000-1-3416-03,2020-2,아쉬운 점이 있다면 과제 점수를 전부 다 잘 줘서 과제 변별력이 없습니다.
H000-1-3417-01,2020-2,프로젝트를 미완성으로 냈지만 시험이나 과제 덕분인지 비쁠이 나와서 만족
H000-1-4626-01,2020-2,프로젝트 난이도가 좀 쎄다
0000-2-0254-01,2020-1,음... 전 나름 괜찮았던것같아요 시험은 강의자료 위주로 나오고
0000-4-6732-01,2020-1,과제는 그냥 할만한 수준이였어요 근데 가끔 문제가 모호하게 나와서 과제를 잘못하는경우도 생기니 질문을 자주해야했어요(조교님 질문 답변이 느리거나 모호하게 답변이 와서 조금 화날때도 있었음)
H000-1-4626-02,2020-2,프로젝트는 생각보다 쉽지는 않았던것같은데 채점 기준에서 코드의 효율성을 아주 중요하게 생각하시는것같아요 프로젝트 비율 높아서 열심히 해야돼욤ㅋㅋ 발표도 하면 점수 많이 올려주시는것같음
H000-1-4626-03,2020-2,아래 강의평들은 이준환교수님 연구년시절 때 인거 같네요
H000-1-4626-04,2020-2,재활치료센터라는말은 맞지 않습니다... 중간 기말이 어려워요
H000-1-4626-05,2020-2,중간 기말 강의자료 모든 것을 다 외워야만이 좋은 점수를 얻을 수 있습니다
H000-1-4627-01,2020-2,밑에 강의평가처럼 심동규 교수님 수업보다 과제 프로젝트 난이도는 낮다.
H000-3-7905-01,2020-2,그저 빛
H000-2-4970-01,2020-2,프로젝트의 점수비율이 상당히 크기 때문에 프로젝트를 최우선적으로 하는게 답이다.
H000-2-4970-02,2020-2,갓동규를 선택하고 재수강이라는 쓴 맛을 본
H000-2-4970-03,2020-2,"사람들의 재활치료 센터, 타 반에 비해 과제 플젝 난이도 비교 불가"
H020-1-8297-01,2020-2,히든 클래스에 대한 소문은 적은듯 하다
0000-3-6231-01,2020-1,교수님 싸라해엽
H020-1-8297-02,2020-2,수업은 설명하시는 부분을 반복해서 말해 주시기 때문에 수업 듣고 있다보면 이해가 돼요.
H020-1-2339-01,2020-2,그 대신 말씀도 빠르시고 피피티를 앞으로 갔다가 뒤로 갔다가 하시기 때문에 수업을 집중해서
H020-1-2339-02,2020-2,들으셔야 해요. 저는 여태껏 들은 전공 수업들 중에 가장 만족도가 높은 수업들 중 하나였네요.
H020-1-2339-03,2020-2,"시험은 첫 페이지는 빽�徨構� 빈칸 있고 그 용어에 대한 설명들이 있는데, 그 설명을 보고 빈칸을 채우면 되구요, 그 다음 부터 계산하는 문제들이 나오는데, 교재에서 연습문제 푸는 것을 과제로 내주시는데 거기서 똑같이 나와요."
H020-1-2957-01,2020-2,"컴퓨터네트워크 수업의 연장선입니다. 컴네가 7-layer에서 Top-down 방식으로 네트워크계층, 응용프로그램계층 위주로 공부했다면 데이터통신설계는 물리적계층, 전송계층 위주로 공부합니다."
H020-2-1186-01,2020-2,"이형근 교수님 자체가 굉장히 이해가 잘 되도록 수업을 진행하시기 때문에 크게 어려운 점은 없습니다. 다만 수업시간에 쉬지 않고 수업하시고, 빠르게 진행하시기 때문에 집중력이 떨어집니다 저만 그런거일수도... 최근에 교수님께서 일이 많으셨는지 10분정도 지각하는 일이 잦으셨습니다. 덕분에 진도가 늦어져 보강을 하는 일도 생겼습니다 ㅎㅎ..."
H020-3-0875-01,2020-2,과제는 교재에 있는 예제 문제를 푸는 것입니다. 구글링 잘 하면 나옵니다. 시험은 공부 하시면 그렇게 크게 어렵지는 않습니다. 근데 제 학점은 왜이렇죠
H020-4-3507-01,2020-2,여러분이 생각하는 SW수업은 들을 수 없습니다.
H020-2-0454-01,2020-2,"그러니까 다른 수업 들으세요,, 암 걸립니다."
H020-2-0454-02,2020-2,"출석은 조교가 수업 시작시간에 부릅니다. 진도는 거의 한시간에 한 단원 나간다고 보면 되는데 많은 양임에도 교수님이 설명 굉장히 잘해주십니다. 사실 수업 시간에는 굉장히 딥하게 들어가는 부분이 꽤 있는데요, 그런거 적어놓으면 본인한테 도움이 많이 됩니다 (물론 시험엔 안나와요) 과제는 책에 있는 연습문제 중에서 교수님이 불러주시는 번호 풀어오기구요 보통 1주~2주에 한번 (한 챕터 끝날때마다) 내주십니다. 부담은 없어요 보통 30분이면 다 해서... 시험은 앞쪽은 T/F와 빈칸채우기, 객관식이구요 뒷쪽은 책에 있는 연습문제입니다. 책에 있는 연습문제 많이 풀어보시구요 음 제 생각엔 시험엔 보통 시험범위 뒷부분이 많이 나오더라구요 그래서 기말고사에서 제일 마지막 단원 공부 제대로 못했는데 제일 많이 나왔......후....... 암튼 혹시 공부 많이 못한 상태로 벼락치기 해야하는 상황이면 앞에는 용어정도 훑어보시고 뒷부분을 중점적으로 공부하시면 될 것 같아요"
H000-1-3095-01,2020-1,"컴퓨터네트워크 강의가 애플리케이션층, 트랜스포트층, 네트워크층을 다룬다면, 데이터통신설계는 물리층이랑 데이터링크층 내용을 다룹니다."
H020-2-1462-01,2020-2,"강의가 대단히 깔끔합니다. 다만 진도가 빠르다고 느낄 수 있어요. 과제량도 적절하고, 무엇보다 시험 문제가 과제에서 나와요! 과제만 다 풀줄 알아도 시험 고득점 가능합니다. 시험은 가르치신 내용 전체범위에서 나옵니다."
H020-2-3703-01,2020-2,"교수님 강의력은 아까도 말했듯 대단히 좋습니다. 교수님께서 자신 스스로를 가르치시는 느낌으로 강의를 진행하셔서 그런지, 같은 개념을 반복적으로 설명하시는 구간이 상당히 많기 때문에 이해하는 데 도움이 될... 수... 있어요..(수업 중간에 느끼지는 못한다는 게 함정)"
H020-2-3712-01,2020-2,그리고 강의가 쉴새없이 진행되기 때문에 엄청나게 졸립니다. 수업 전에 꼭 잠 좀 자두셔요.
H020-2-3712-02,2020-2,깊이 들어간다기 보다는 전체내용을 훑습니다. 수업방식이 효율적이라 생각됩니다.
H020-2-3712-03,2020-2,"인강 한번, 현강 한번으로 진행하는데, 인강으로 수업 듣고, 현강에서 리뷰하고, 질문받고 매주 퀴즈를 봄. 질문 점수가 있어서, 매주 질문할거 가져가야함. 수업 시작 전에 퀴즈문제 2개 만들어서 제출하는데, 이거로 출석체크 함. 퀴즈는 학생들이 제출한 문제중에서 내는데, 개념에 대한 정의 같은거 쓰는거라 어렵진 않음."
H020-2-4530-01,2020-2,통신이론처럼 수학적으로 접근하기 보다는 개론처럼 큰 부분만 짚고 넘어갑니다.
H020-2-4530-02,2020-2,"외울게 조금 많긴 한데, 수학적으로 따질건 거의 없어서 부담없이 들을 수 있습니다."
H020-2-8087-01,2020-2,"시험은 어렵지 않지만 암기가 많고, 수학이나 계산이 거의 없음. 시험도 개념에 대한 ox문제 , 어떤 개념이 어떻게 전개되는지를 묻는 문제가 출제��. 그냥 통신개론 강의같이 들을 수 있어서 괜찮았음"
H020-2-8087-02,2020-2,공부는 잘되지만 학점따긴 어려움
H020-2-8087-03,2020-2,중간 기말 합쳐서 본인이 실수를 조금이라도 한다면 바로 A0
H000-1-3095-02,2020-1,실수를 크게 했다(하나 통채로 틀리고 자잘하게 틀림) = 둘 중 하나 시험 백점맞아도 A0가 간당간당해짐
H020-2-8992-01,2020-2,게다가 수강생들의 공부하고자 하는 의지가 황호영 교수 버프를 받아서 +100%가 되기 때문에
H020-3-0458-01,2020-2,출석관리또한 중요하다.
H020-3-0492-01,2020-2,A+
H020-3-0969-01,2020-2,"학점을 받고 싶다면 과제, 시험에서 점수가 많이 나가면 안 됨. 본인은 중간, 기말, 과제 전부 다 해서 2점 나가서 A+인데 옆에 친구는 기말고사에서만 6점 나갔는데 A0 나옴. 황호영 교수님이 수업하시는 과목이다보니 얻어가는 것은 많지만 학점 따기는 힘듬"
H020-3-1110-01,2020-2,어려운 과목을 이해하기 쉽게 설명해주심
H020-3-1110-02,2020-2,그만큼 학생들의 수업참여도가 높아지기 때문에 A+을 원한다면 정말정말 열심히 해야함
H020-3-3659-01,2020-2,A+
H020-3-4534-01,2020-2,수업 내용 재밌고 시험 양도 정말 적어서 마음먹고 공부하면 시험 잘 볼 수 있음 대신 절대 실수하면 안됨 교수님 너무 좋으심
H020-3-5694-01,2020-2,변별력...; ㄹㅇ 감탄하고간다 후 학점 잘 받으려면 실수하지마세영 실수가 치명적인 과목입니다
H020-3-8994-01,2020-2,과제 꼼꼼히 하셔야해여
H000-1-3095-03,2020-1,교수님 다른건 다좋은데 플러스 안채워주셔서 몇점차이로 제로 받으실수잇어여 ㅠ
H020-3-9719-01,2020-2,"A+)왜 다들 DB듣는다고 빠지는지 모르겠는데. 수업 재밌음. 혁준님 컴네랑 비교하기 미안함. 논문읽는 과제 나오는데 그렇게 어렵지는 않음. pdf에 있는 예제들 달달 풀어보고, 수식들 외워가면 시험은 괜찮게 볼 수 있음. 과제도 시험에 나오니 잘 봐둘것"
H020-4-4181-01,2020-2,교수님이 수업하시는데 뭔가 본인도 잘 모르시는 거 같은 느낌이 들었어요. 질문에 대한 답변이 뭔가 후련하지가 않아요.
H020-4-6897-01,2020-2,그리고 시험범위가 너무 넓어서 공부하는데 좀 힘들어요.
H020-4-8996-01,2020-2,과제는 난이도가 약간 있는 편인데 다들 다 못해서 내니깐 최선을 다하면 좋은 점수를 받으실 수 있을거에요.
H020-4-8997-01,2020-2,과제는 두번있지만.... 마지막 과제는 GBN코딩이었어요. 그리고 시험은 정말 배운 범위에서 골고루 나옵니다. 이건 안나오겟지? 나옵니다 ㅋ
0000-2-0254-01,2019-1,뭔가 당했다고 생각합니다.
0000-2-0258-01,2019-1,컴퓨터네트워크 원래 좋아했는데요
0000-2-0263-01,2019-1,하지만 과제 하면서 재미있어요 과제하는 것은 linux에서 coding하는 것
0000-2-0268-01,2019-1,강의자료 + 수업시간 수업에만 잘 들으면 굳
0000-2-7467-01,2019-1,과제 점수가 크니까 힘들더라도 다 마무리 하시길
H000-1-3095-04,2020-1,강의는 무난하며 시험범위가 많고 시험 평균점수가 대체로 높은 편이라 꼼꼼하게 공부할 필요가 있다. 과제는 챕터 끝날때마다 온라인퀴즈 풀어서 제출하면 됨
0000-2-9749-01,2019-1,시험 범위가 상당히 많고 양에 비해 꼼꼼히 공부해야 성적 잘 나오는듯
0000-3-7468-01,2019-1,타대학 네트워크강의보다 낫다는 말에는 동의 못하겠음
0000-3-8604-01,2019-1,그 강의를 들어보지 않은이상 모르는것임
0000-4-0262-01,2019-1,"강의력자체는 걍 무난한편이고, 꼼꼼하게 공부해야 성적 잘나오는듯"
0000-4-6585-01,2019-1,굿잡. 타대학 네트워크 강의들 중 가장 나음
0000-4-6732-01,2019-1,대신 데이터통신 정도 지식 없이 듣기엔 다소 힘든 부분있음
0000-3-6231-01,2019-1,데이터통신 안들었으면 한양대 이석복 교수님꺼 강의 듣고 들으면 좀 더 도움될거임 성적잘줌 근데 시험 너무쉬움
H000-1-3414-01,2019-1,정광수 교수님은 이해하기 쉽게 설명을 매우 잘 해주십니다.
H000-1-3414-02,2019-1,과제는 챕터 끝날때 마다 온라인 퀴즈 있습니다.
H000-1-3415-01,2019-1,시험문제는 난이도가 높지않아 평균 점수가 높습니다.
H000-1-3095-05,2020-1,과제는 거의 없는 수준이고 교수님께서 강의는 진짜 쉽게 가르치신다 하지만 시험도 어렵게 내지 않으셔서 다같이 잘보고 내용이 많기때문에 덜 공부하거나 삐끗하면 c까지도 내려갈수 있음 학점은 비율 채워주시는 정도
H000-1-3415-02,2019-1,학생들이 이해를 잘 하도록 설명해주심.
H000-1-4625-01,2019-1,과제는 온라인 퀴즈인데 귀찮은 정도고 힘들진 않지만 시험에 나옴.
H000-1-4625-02,2019-1,중간 기말 있고 중간에 퀴즈를 볼 수도 있지만 이번 학기는 진도나가느라 바빠 퀴즈안봄.
H000-1-4625-03,2019-1,시험은 그리 어렵지 않고 애들 대체로 잘 보는 편이라 어중간히 하면 b아래로 내려감.
H000-1-4625-04,2019-1,전통과 교수님 중 학생들이 수업을 잘 이해할 수 있도록 강의하는 교수님 중 한 분이라고 생각한다.
H000-1-4625-05,2019-1,"다른 전공 수업과는 다르게 과제도 따로 없고, 실습도 없고, 이론위주적인 수업이라 암기 잘 하고 수업 잘 이해하면 된다."
H000-1-4628-01,2019-1,우선 위에서 과제는 없다고 했지만 아예 없는 건 아니다.
H000-1-9756-01,2019-1,1학기 정광수교수님 데통 들은 사람들은 알겠지만 온라인 퀴즈 풀어서 제출하는거 밖에 없다.
H000-2-4969-01,2019-1,어렵지 않고 오래 걸리지 않으니 과제는 없는 수준이다.
H000-2-4969-02,2019-1,원래 중간 기말 말고도 퀴즈를 한 번 보는데 이번에는 시간이 없어서 못 봤다.
H000-1-3095-06,2020-1,근데 원래는 보는 과목.
H000-2-4969-03,2019-1,퀴즈도 성적에 꽤 큰 영향을 준다.
H000-2-7740-01,2019-1,중간 기말은 에이포용지 4장정도의 분량으로 온라인 퀴즈 푼 것에서 많이 나오고 책에 있는 예제에도 나온다.
H000-3-6591-01,2019-1,책 많이 읽어보고 온라인퀴즈 문제 외우면 시험은 잘 풀 수 있다.
H000-3-7905-01,2019-1,중간고사는 다 잘해서 평균도 높은데 기말고사는 평균이 낮으니 기말 때 잘 하면 성적 잘 받는다.
H000-3-9757-01,2019-1,성적은 잘 주는 것도 못 주는 것도 아닌 것 같은데 그냥 한 만큼 나오는 듯
H020-1-0019-01,2019-1,출석은 2교시 수업일 때만 부르고 안 부를 때도 있다
H020-1-0019-02,2019-1,근데 학생들이 너무 안오면 1교시 수업일 때도 출석을 불렀다.
H020-1-0019-03,2019-1,에이플 많이 줘요 그냥 들으면 됩니다. 통신에 대한 프로토콜을 조금더 배울수 있어서 좋았습니다.
H020-1-2957-01,2019-1,원래 퀴즈 한번은 보시는데 시간상 못보게됐다. 나에게 이 수업은 재밌고 유익했다.
H020-1-2957-02,2019-1,A+를 많이 안주시긴하는데 비율은 거의 채워주심
H000-1-3095-07,2020-1,수업내용 괜찮음
H020-2-0819-01,2019-1,네트워크 관심있는사람들은 필수과목
H020-2-0819-02,2019-1,정말 열심히 배워야 겠다는 생각이 들 정도로 교수님께서 성실하게 준비해오시고 잘 가르쳐주세요. 수업시간에 책같은 것도 추천해주시면서 인생에 도움되는 이야기도 가끔씩 해주시고 수학사 얘기도 들려주십니다. 정말 1시간이 넘는 시간동안 집중력이 흐뜨려지지않을 정도로 몰입도가 높은 강의입니다. 굉장히 추천합니다.
H020-3-1942-01,2019-1,최종성 교수님께서는 정말 열심히 수업준비해오시고 학생들이 지루해하지 않게 수업을 이끌어 나가는 교수님입니다. 정말 이해가 잘 되고 기다려지는 강의였습니다.
H020-1-8101-01,2019-1,"*수업 들으면 따라갈수있게끔 강의를하심(예제 많이 풀어주시고 증명은 엄밀한 증명, 직관적인 증명으로 나눠서 이해하기 더 쉽게 설명) . 내용을 전반적으로 이해하기 쉽게 설명해주시고 논리적임(졸지만 않으면)"
H020-2-0453-01,2019-1,*중간중간 수학의 역사/독서의 중요성/사회 전반적인 이슈 등등 말씀해주셔서 수업에 대한 흥미도가 올라감(이 강의 듣고 처음으로 '수학'이라는 학문에 대한 흥미가 생김)
H020-2-0453-02,2019-1,*과제는 2~3번 정도 있는데 교수님이 직접 출제하시고 난이도는 책 연습문제정도
H020-2-1994-01,2019-1,*시험은 중간/기말이고 보통 10문제 40점 만점에 다 서술형. 난이도는 중간 좀 어렵게 냈다가 성적보고 기말때 난이도 조절하시는듯(각 단원 예제/연습문제/증명 풀면 A는 나옴). 비율 채워서 성적주심
H020-2-1994-02,2019-1,*시험이 쉬운편은 아니니 각단원 끝나면 예제/연습문제 풀어보는 걸 추천(너무 겁먹지는 마시길. 40명중 30점 넘는사람 5명은 나옴)
H020-2-8086-01,2019-1,좀 어려워도 참고하면 학점은 나와요.. 최대한 수업때 안졸고 듣는게 좋습니다 교수님 엄청 좋으셔요!!
H020-2-8086-02,2019-1,일단 매 장마다 연습문제 풀어오는 과제가 있습니다 솔루션 보고 하는애들이 많은것같지만 직접 하는게 도움이 된다고 생각합니다 시험 난이도는 적당하다고 느껴집니다
H000-1-3095-08,2020-1,약간 수학과 교수님이시라 그런지 증명을 좋아하시는 것 같습니다. 하지만 수학과를 다니고 있지 않으면 증명문제를 볼 일은 없습니다 ㅎㅎ
H020-2-8086-03,2019-1,교수님이 설명을 잘해서 재밌었음! 하지만 시험 못보면 끝
H020-2-8481-01,2019-1,과제는 중간2번 기말2번 교수님이 풀어오라는 문제 풀면��.
H020-2-8481-02,2019-1,시험은 중간고사는 과제에서 많이 나왔는데 기말고사는 나오긴한정도.
H020-2-8482-01,2019-1,시험 난이도는 중간고사는 쉬웠는데 기말은 어려웠음
H020-2-8482-02,2019-1,중간고사 기준으로 잘쳤다고 생각했는데 부분점수 엄청 깎였음
H020-2-8482-03,2019-1,갓갓 영희교수님 강의잘하심
H020-3-0922-01,2019-1,학점은 비율 딱맞춰서주심
H020-3-0922-02,2019-1,교수님 자체는 수업에 열정적이시고 친절하시고 좋습니다.
H020-3-1647-01,2019-1,"찝어주시는 교재문제 푸는 과제를 대략 진도 좀 나갔다싶을때 마다 내주시고,"
H020-3-1654-01,2019-1,시험문제는 교재문제들 열심히 공부하면 충분히 잘 풀수 있을 정도로 교수님이 교재 속 문제들을 응용하거나 변형해서 내주십니다.
0000-2-0258-01,2020-1,학점은 딱 비율에 맞게 쁠과 제로를 주시는것 같습니다.
H000-1-3095-09,2020-1,걍 김영희교수님 사랑합니다.... 열심히하는 학생들한테 뭐라도 더 해주려고 하시는게 눈에 보임 질문하고 시간상 설명못들었는데 메일로 풀이적어서 보내주심..ㅜㅜㅜ 진짜..엄마같고 너무좋으심
H020-3-2004-01,2019-1,"수업 자체는 괜찮았어요. 박철수 교수님 수업은 처음 들어봤는데 이번 학기 전공 중 수업 자체는 제일 지루하지 않은 수업이었네요.(반대로 다른 것들이 좀....) 대신 난이도는 아래 평가처럼 좀 있는 편입니다. 저도 수업 끝나고 집가면 책이랑 pdf 계속 봤네요. 과제로는 매트랩 코딩이랑 퀴즈가 있습니다. 퀴즈도 교재 문제에서 나오고, 시험 문제도 교재 문제에서 나옵니다. 교재 문제 솔루션 달달 외우고 교수님이 설명한 이론 중에 핵심 이론 달달 외우면 시험 성적은 필히 잘 나옵니다. 건승하시길"
H020-3-3704-01,2019-1,신호와 시스템에 대한 내용을 배울 수 있습니다.
H020-3-3704-02,2019-1,교수님과 재미있는 농담을 건내며 들을 수 있는 수업이지만
H020-3-3704-03,2019-1,내용자체가 난이도가 있기 때문에 단단히 각오는 하셔야해요
H020-3-3831-01,2019-1,개인적으로 이 수업을 듣고 좋아하는 교수님이 되버림.
H020-3-8993-01,2019-1,적분 그런거 필요 없으니.. 각오하고 열심히 할 각오있으면 들으세요
H020-3-8993-02,2019-1,강의력은 정말 좋으시고 만족합니다.
7220-4-0846-01,2019-1,과제는 단원 끝날때마다5~7문제씩 내줍니다.
7220-4-5190-01,2019-1,수업을 잘 가르치심.
H000-1-3414-01,2020-1,시험 본 후 점수확인은 안하는걸 추천함.
7220-4-5191-01,2019-1,수업때와 태도가 매우 다르심.
7220-4-5861-01,2019-1,오픈북이여서 생각보다안나올수도있음
7220-4-8483-01,2019-1,시험지확인하러가는거별로안좋아함
7220-4-8995-01,2019-1,오픈북인만큼 시험어렵다는 강의평이 많은데 맞는 말이다
7220-4-9720-01,2019-1,어려울 수도 있는 과목이지만 강의가 좋아서 괜찮았다
0000-2-0266-01,2019-2,시험기간에 질문하러 가면 약간 혼나는 느낌 받아서 1점 뺍니다;;
0000-2-7471-01,2019-2,정말 인생강의. 수업 너무너무 잘하시고 배울게 많다. 오픈북 지옥이라는 말에 공감한다. 하지만 최고의 교수님 수업에 열정많은 제자들이 있는 것은 당연하다. 다들 열심히하고 머리 좋은 사람도 많은 것 같다. 기출문제 안올려주시는데 기출이랑 유형이 비슷하게 나오고 오픈북임에도 내용숙지가 되지 않으면 의미없다. 공식암기 같은 의미없는 작업을 안하게 하는대신 생각을 많이하라고 하신다. 노력만큼 성적이 안나올수는 있으나 성적이 안나왔음에도 불구하고 만족하는 강의이다.
0000-2-7472-01,2019-2,직관적 사고가 중요하다고 봅니다.
0000-3-0261-01,2019-2,단답형문제에서 계산 실수 안하시기를.
0000-3-0265-01,2019-2,밑에 먼 공부 안한 재능파 > 공부한 노력파
H000-1-3414-02,2020-1,이런 소리있어서 적고감 그딴게어딨음? 걍 열심히하는 사람이 잘보는시험임
0000-3-6026-01,2019-2,머리좋고 그딴거 A+맞는데 별 필요없음 걍 강의 열심히 들은 사람이 시험 잘보는 공평한 강의임 교수가 강조한 포인트 잘기억하셈 그게 다임
0000-3-6224-01,2019-2,박호종교수님 수업방식에 딱 드러맞는 스타일이 따로 있음..
0000-3-8605-01,2019-2,"노가다나 암기식으로 특히 내신쪽에 강했던 사람들이면 적응하기 어렵고, 정시스타일로 잔머리, 재능을 이용해서 한마디로 머리가 좋은 사람들은 드러맞는 스타일임. 열심히 하는것도 중요하지만 특히 박호종교수님 스타일은, 기본 개념을 완전히 이해한 상태로 많은 문제를 안 풀어봐도 교수님이 수업때 찝어준 문제들, 과제들을 바탕으로 머리써서 푸는문제들이 대부분임. 수능때 미적분 문제같은거 잘 풀면 해볼만한 스타일. 족보가 사실상 의미가 없어요. 다르게 나오기 때문에."
0000-3-9745-01,2019-2,문제가 무대포로 풀면 노가다고 아이디어 잘 내면
0000-3-6217-01,2019-2,쉽게 풀리는 문제를 냄.
H000-1-3362-01,2019-2,수업 열심히 들은 가정하에
H000-1-3362-02,2019-2,공부안한 재능파 > 공부한 노력파
H000-1-3362-03,2019-2,제일 중요한건 수업시간에 이해하면서 듣는거
H000-1-3362-04,2019-2,정말 수업을 잘하십니다. 배울 점도 많고 배울 것도 많은 수업. 성적도 잘 나오는거 같습니다
H000-1-3362-05,2019-2,강의는 나쁘지 않고 따라갈 수 있지만 알려준 개념을 문제에 적용하는 능력이 있으면 꿀. 문제풀이가 적어 시험지 받으면 당황할 수 있음. 게다가 단답형이라 과정이고 뭐고 실수로 답 틀리면 나가리. 아는거에 비해 시험 점수가 안나와서 멘탈 깨질 수 있음.
H000-1-3414-03,2020-1,필기열심히하시고 족보는 알아서 구해서 보고 가시길
H000-1-3362-06,2019-2,오픈푹 지옥....... 공부했는데 성적이안나와
H000-1-3362-07,2019-2,학점은 보통이였지만 진짜 잘가르치심 다른교수님에 비해 개념위주로 잘알려주심 교수님 츤데레고 재밌으심
H000-1-3362-08,2019-2,갓갓갓갓갓갓갓갓갓갓갓갓갓갓갓갓갓갓갓갓갓갓갓갓갓갓
H000-1-3362-09,2019-2,재밌는강의입니다 수업잘들으면 잘 따라가실 수 있어요
H000-1-3416-01,2019-2,필기잘하는게 뽀인트!
H000-1-3417-01,2019-2,"추천할만한 강의입니다. 단순히 어려운 수학문제는 푸는 것보다 개념을 이해하는 것을 중요하게 생각하시고, 이러한 경향으로 수업 과제 시험이 진행됩니다. 재밌습니다."
H000-1-4626-01,2019-2,수업에 열심히 집중하면 재밌는 수업인것같습니다 단 시험은 단답형인것이 좀 그렇지만 신호및시스템이라는 과목을 제대로 배울수있습니다.
H000-1-4626-02,2019-2,강의는 두말할 필요없다
H000-1-4626-03,2019-2,필기를 잘해둘것
H000-1-4626-04,2019-2,신호및시스템은 무조건 갓호종!
H000-1-3415-01,2020-1,하지만 이제 안식년..
H000-1-4626-05,2019-2,강의력하나로 5점받으셔야 할 교수님이십니다. 박호종 교수님의 신호 및 시스템을 듣고도 신시가 어떤과목인지 느끼지 못한다면 당신은 빠르게 전과를 생각해야합니다. 시험이 단답형이라 복병이라는분들은 계산실수를 하셔서 그런건지 왜 복병이라고 하는지 개인적으로 모르겠지만 교수님께서 알려주신 노하우를 사용하면 단답형이 오히려 감사해집니다. 서술형이였다면 오히려 힘들어질텐데... 내년이 안식년인게 너무나도 아쉬울뿐입니다.
H000-1-4627-01,2019-2,나는 진짜 이거 성적 �羔� 잘 나왔는지 알수 없는 부분임ㅋㅋㅋㅋㅋㅋ 교수님 깐깐하신 분이시고 직관으로 문제풀이를 하시는 분이다. 그래서 정형적인 수학 접근은 없는편이지만 어렵다..... 개힘들었다 잘하는인간들은 ㄹㅇ 개잘해서 성적변동 거의 없고 잘받아감 ㅎㅎ 단답형이 복병임.
H000-2-4970-01,2019-2,꼭 박호종교수님이 쓰신 부교재 구할것.. 시험문제 대부분 그 책 연습문제에서 나옴. 시험에 부분점수가 없는 단답형이라 계산실수하면 학점 나락으로 떨어지는건 금방임
H000-2-4970-02,2019-2,공학수학 안재혁
H000-2-4970-03,2019-2,디지털공학 오태현
H000-1-9756-01,2019-2,통신은 갓호종
H000-3-7741-01,2019-2,교수님 진짜 멋있고 잘가르치심
H000-3-7605-01,2019-2,수업 풀로 빡빡하게하시는데 딴소리잘안하시고 진짜 필요한것만 딱딱 알려주심. 교수님 엄청 멋있음. 나이에 비해서 옷입는 감각도 남다르심. 시험은 오픈북이고 족보 많이 돌리면 비슷한문제 나오는 거 같음. 그래도 그중 한문제는 항상 참신한거같음. 점수 채워주심. 갓호종
H020-1-8297-01,2019-2,무난하고 쉬워요. 수강생이 많다보니 힘들다는 얘기가 많아보이는듯? 수업도 별 부담없이 쉽게 해주시고
H020-1-8297-02,2019-2,그냥 수업내용 복습해서 셤보면 잘봄
H000-1-3415-02,2020-1,"강의는 잘하세요, 근데 쉴새없이 빡세다는 점 (노가리를 잘 안까심)"
H020-1-2339-01,2019-2,시험은 풀만한데 실수가 있었나봄ㅠㅠ
H020-1-2339-02,2019-2,무튼 수업은 만족함
H020-1-2339-03,2019-2,수업필기다하고 과제도 스스로 다했지만 시험은어려움 열심히해야해요 중간은 반에서딱중간정도로봤고 과제점수는 낮았어요 기말 과제다풀구 족보 조금 풀었는고 성적 중상~상이었는데 에이제로!성적을짜게주진않지만 어렵 ㅜ
H020-1-2957-01,2019-2,수업 자체는 상당히 독특한 해석방식을 중시하시는데 어렵지는 않음.
H020-3-0875-01,2019-2,시험은 공부 열심히 했으면 가능은 한데 오픈북이니 그정도의 난이도는 각오하셔야함.
H020-2-0454-01,2019-2,밑에 공부 안하시는 분들이나 어렵다 하지 공부하면 잘 봐요
H020-2-1462-01,2019-2,"단, 팁을 드리자면 틀리더라도 수업에 배운 형식 그대로 서술만 하시면 부분점수는 받는거 같습니다."
H020-2-3703-01,2019-2,교수님이 하시는 방법대로 하시면 될 거 같아요.
H020-2-3712-01,2019-2,통신도 교수님꺼 들으시는 분들이 많다는건 이 수업이 좋다는 얘기 아닐까요?
H020-2-3712-02,2019-2,풀만한 문제였구나.. 필기에 있는 연습문제랑 과제랑 중도에 파는 족보까지 다 풀고 시험치러 갔는데 기말때 존나 손도 못대겠던데 밑에 강의평 보니 내 머리가 빡대가린가 봄 전공이 올 A인데 여기서 씨플 떠서 학점 존나 까였는데 에휴
H000-1-4625-01,2020-1,내가 머리 나쁘다 싶으면 듣지 말라는 말 맞는거 같음 걍 친구따라 들으러 오지 말고 잘 판단하시길
H020-2-3712-03,2019-2,수업들으면서 얻는게 많아서 학점은 좀안나오더라도 괜찮겟다 싶었는데 학점까지잘줌 진짜좋음 갓호종
H020-2-4530-01,2019-2,갓호종님입니다 . 학점 다채워주시고 항상화나계시지만 따뜻하신분입니다. 강의때 드립치신거 상상하시면서 몰래 웃으실거같은데
H020-2-8087-01,2019-2,수업은 교재없이 필기위주고 수업잘따라가면서 필기열심히해서 준비하면 성적 잘나옵니다 오픈북이라 줄줄외울필요없고 이해위주로 공부하세요! 객관식7문제에 주관식2문제나오고 부분점수엄청 잘주시니까 아는건 다 적길바래요
H020-2-8087-02,2019-2,학점 꽉꽉 채워주십니다. 시험도 오픈북이라서 개념만 이해하고 들어가면 시험도 그렇게 어렵지 않습니다. 다만 통수치는 문제가 하나정도 있습니다.
H020-2-8087-03,2019-2,배우는건 많은강의입니다.
H020-2-8992-01,2019-2,다만 점수따기엔 쉽지않을수 있지만 공부하는 법을 알게되면 괜찮은 과목입니다. 전 늦게 알게되어서...
H020-3-0458-01,2019-2,이분 싸이코패스 같은 교수님인데 아직 안잡혀가고 교수생활 하시는거 보면 소시오패스인듯
H020-3-0492-01,2019-2,잘들었다 생각했으나 성적이 안나오는 대표적 과목
H020-3-0969-01,2019-2,수업하는 내용은 매우 재밌습니다
H020-3-1110-01,2019-2,이제 본격적으로 전자공학에 관해 알아가는 느낌이 드는데 교수님이 소시오패스라 나도 소시오패스가 되어가는듯 함
H000-1-4625-02,2020-1,공부해도 점수 안나오는건 사실임.
H020-3-4534-01,2019-2,"공부 잘하는 거와 별도로, 내가 머리가 좋다 싶으면 학점이 낮아도 A+이 나올거고"
H020-3-5694-01,2019-2,머리가 나쁘다 싶으면 백날 투자해도 B이상 맞기 힘듦...
H020-3-8994-01,2019-2,강의는 잘하심.
H020-3-9719-01,2019-2,들으면서 가장 재미있었던 과목이랄까. 전공에대해 좀 깨닫게되는 과목.
7220-4-4181-01,2019-2,중간에 상위 60%정도였는데 기말시험직전에 공부를 어떻게해야대는지 감이와서 아쉬움이 많이남음
7220-4-6897-01,2019-2,수업은 집중이 잘되게 교수님이 잘 설명해 주셨고 듣기 잘했다는 생각이 듬.
7220-4-8996-01,2019-2,딱딱한 전공중에 유일하게 수업이 이해되면서 재밌었고 오픈북시험이지만
7220-4-8997-01,2019-2,연습안하면 못풀수 있는문제가 많음
7220-4-9433-01,2019-2,"교수님은 화가 나신건 아닌거같은데 항상 화가 난듯한 말투. 수업은 좋다. 학점은 비율 채워서 주시는거 같고, 출석은 항상 부르는건 아니고 가끔씩 부른다."
H000-1-4625-03,2020-1,과제는 적고 시험도 알려주시고 학점은 잘나옵니다 ㅎㅎ
H000-1-4625-04,2020-1,물리1도 나영호 교수님 수업을 들었는데 정말 최고의 교수님입니다. 판서를 정말 잘하시고 수업시간이 정말 재밌습니다. 얻어가는 것도 정말 많습니다.
0000-2-0263-01,2020-1,대물1도 나영호 교수님께 수업들었다면 좀 더 물리를 잘했을텐데..... 교수님제기준으로는 강의력도 성격도 다 좋으세요! 진짜 가장 좋았던 교수님입니다. 2학기 수업중에ㅎㅎㅎ
H000-1-4625-05,2020-1,진짜 고등학교때 물포자엿던 내가 대학와서 물리에 흥미를 가지게 해주신 분임. 물리 정말 쉽고 재미있게 가르쳐주심. 시험도 가르쳐준거에서 다 나오니 어려울것없음. 그냥 예습 복습만 조금만 해도 에이쁠 받을 수 잇름
H000-1-4625-06,2020-1,강의하는걸 사랑하는게 느껴지는 분. 물리 잘 몰라도 열심히 들으면 성적은 잘 나올듯
H000-1-4628-01,2020-1,교수님이 수업을 딱딱하게 설명만 하는 게 아니라 웃기게 설명함.
H000-1-9756-01,2020-1,그래서 수업이 지루하지 않고 이해가 어려울 수 있는 건 직접 실험기구 들고 와서 보여드리거나 함.
H000-2-4969-01,2020-1,열정과 사랑이 느껴지는 분입니다.
H000-2-4969-02,2020-1,꼭 들으시길
H000-2-4969-03,2020-1,나영호 교수님 수업 너무나도 잘하시고 재미있게 잘 가르쳐 주셔요 수업 열심히 안들은 제가 부끄러울 정도로...
H000-3-7905-01,2020-1,"재미있고 쉽게 잘 가르쳐 주십니다. 과제도 없구요 시험기간 되면 꼭 풀어봐야 하는 문제 짚어주시고 , 문제도 수업시간에 풀었던 거랑 짚어주신 문제에서 나와요. 단점은 자주 지각하신다는 점.... 그래도 정말 좋은 수업이에요"
H020-1-0019-01,2020-1,교수님진짜 너무 좋아요!!진짜 잘 가르치세요 시험공부할때 연습문제부분공부해야하는데 솔루션이있는게 정말 좋으니까 물리솔루션 꼭 찾아서 공부하세요!
H020-1-0019-02,2020-1,정말 인간다우신 참교수님
0000-2-0268-01,2020-1,2학년과목 가르치시면 2학년때도 들을텐데
H020-1-0019-03,2020-1,최대한 예시를 들어가며 이해시켜주려고 노력하십니다 그리고 매번 진도 나간만큼 예제써오는 걸로 대체해서 굉장히 그부분은 좋아요 시험을 잘보면 학점도 잘나온다!
H020-1-2957-01,2020-1,교수님께서 열정이 넘치세요 열심히만한다면 학점 잘나옵니다
H020-2-0819-01,2020-1,수업은 괜찮으나 아재개그가 좀 아쉽...
H020-2-0819-02,2020-1,비대면이라 줌으로 해서 그냥 주는 자료 안보고 매 실시간 대화때 퀴즈 중간고사 기말마다 아는대로 말했더니 에이제로받음
H020-3-1942-01,2020-1,교수님이 정말 친절하고 재밌으시고 활기차게 수업 진행해서 비록 인강였지만 재밌게 들었습니다
H020-1-8101-01,2020-1,싸강이였지만 줌을 통해 토미교수님과 대화할 수 있어 행복했습니다.....학점도 정말 잘 주시고 무엇보다 학생들을 정말 생각해주시는 교수님이십니다ㅜㅜ
H020-2-0453-01,2020-1,T.T
H020-2-0453-02,2020-1,혹시라도 이글을 보면 쪽지줘
H020-2-1994-01,2020-1,Take care i’ll miss you..
H020-2-1994-02,2020-1,가뭄처럼 말라 비틀어진 내 학점속에
0000-2-9749-01,2020-1,단비라도 내려주듯
H020-2-8086-01,2020-1,A+을 주며 Ta-da~ 를 외치는 당신의 모습이 아른거려
H020-2-8086-02,2020-1,최고의 교수였어 보고싶어..
H020-2-8086-03,2020-1,무조건 들어라. 그냥 내주시는 과제 열심히 하고 수업시간에 집중만 하면 좋은학점 받음.. 기말고사는 근데 준비할께 많음... 그것만 준비하면 잘보낼수 있을듯... 꼭들으셈
H020-2-8481-01,2020-1,중간고사 범위까지는 기본적인 회화 알려주시는데 수업만 제대로 들으면 중간고사는 굉장히 쉽습니다.
H020-2-8481-02,2020-1,"수업도 안 들을 수 없게끔 잘 리드해주시고 단어도 쉽게 바꿔주시고 말도 천천히 해주셔서 앉아만 있어도 다 이해 가능합니다. 기말고사부터는 조금 난이도가 올라가는데, 교수님이 원하시는게 논리정연한 말솜씨에 완벽한 문장 구사가 아니라 그냥 자연스럽게 생각을 말할 수 있는걸 원하시는거라 너무 부담갖지 않아도 괜찮습니다. 기말때는 준비해야할게 많은데 (13개의 스토리) 이때 교수님이 말씀하신대로 영어로 생각하면서 말하는 연습하시는걸 추천합니다. 13개 대본 다 외울 수가 없습니다ㅠㅠ 그리고 본인이 회화공부를 별도로 하면서 같이 수업들으면 진짜 실력이 느는게 느껴집니다!! 회화 공부 처음시작하거나 영어 교양 듣고 싶으면 첫단추로 아주 좋을 수업! 갓토미!!"
H020-2-8482-01,2020-1,절대평가였는데 절대로 A0나 A+로 주시지않고 매 수업마다 있는 말하기 숙제와 중간/기말 점수 합산해서 성적대에 따라 학점 주십니다. 저는 A+ 받았지만 맨날 수업때마다 말하기 숙제 해가는거 부담스러웠고 사소한게 모두 점수로 측정되어서 스트레스였습니다...ㅜㅜ 그래도 회화 표현 알수 있어서 좋았고 교수님도 즐겁게 수업하시려해서 기분 좋게 강의는 들을 수 있었어요. 학점 쉽게 얻어가고싶다면 토미 교수님 수업 추천하지않습니다. 그래도 발표나 말하기에 익숙해지고 영어 회화 표현도 많이 알고싶다면 토미 교수님 수업 들으세요!
H020-2-8482-02,2020-1,갓토미ㅠㅠ 수업 되게 열정적으로 하시고 재미있었음 앞에 나가서 영어로 말하기 하는게 약간 부담 되기는 하지만 결국 다 하긴 함
H020-2-8482-03,2020-1,이쁘신분이랑 조 짤 수 있어서 좋았읍니다...
H020-3-0922-01,2020-1,매주 말하기를 준비해야한다. 수업자체는 좋고 교수님도 매우 열정적이시다. 수업 중 재밌게 이끈다
H020-3-1647-01,2020-1,점수는 잘 주시려고 점수 주는 방식을 부풀려서 실제 점수엔 크게 반영 안��. 그러나 과제가 오지게 많고 바라는게 많으심..
0000-3-7468-01,2020-1,갓토미 찬영하라~~~~~~~~~~~~~~
H020-3-1654-01,2020-1,생각보다 숙제가 너무 많지만 교수님은 진짜 좋으심
H020-3-2004-01,2020-1,진짜 영어회화를 원한다면 추천
H020-3-3704-01,2020-1,영어 못하셔도 a는 받을 수 있어요. 근데 저는 과제땜에 스트레스를 넘 많이 받았어요.
H020-3-3704-02,2020-1,"소위 말하는 꿀강의는 아니다. 거의 매 수업마다 테스트?를 진행해서 매번 준비해야하는게 귀찮았지만, 강의도 재밌게 잘하시고 학생들도 잘 참여하게 만들어서 수업 분위기가 좋다. 배워가는게 많은 수업이라는 생각이 든다."
H020-3-3704-03,2020-1,"학점은 열심히만 하면 웬만하면 A를 받을 수 있고, A+받는것도 어렵지 않은 편이다 .중간, 기말 때 시험점수를 만회할 기회도 충분히 주신다."
H020-3-3831-01,2020-1,영어회화 실력이 확실히 는 것 같지만 그만큼 많은 과제와 발표가 부담일 수 있음. 교수님이 친절하셔서 좋았지만 A+까지는 어려울 수 있음. 한 학기동안 감사했고 꿀강은 아니지만 영어회화(프리토킹)의 필요성을 느끼게 해줌
H020-3-3831-02,2020-1,중간 기말이 100초 내외로 스피킹 하는 건데 진짜 성대가 없지 않는 이상 A 나와요.
H020-3-8993-01,2020-1,꿀강의는아니다
H020-4-0846-01,2020-1,하지만노력한만큼 받는다
H020-4-3112-01,2020-1,난A받았지만 이거들으면서 많이늘었다
0000-3-8604-01,2020-1,교수님은 정말 열정적으로 잘 가르쳐주심. 다만 꿀강의는 아닌듯 절평이라 A0받기는 쉽지만 A+받기는 어려움.
H020-4-5191-01,2020-1,수업시간에 다들 졸지마세요~~~
H020-4-5861-01,2020-1,God 토미라는 말이 절로 나오는 수업임. 교수님 되게 재미있게 강의하시고 수업내용도 기초적인 거라 따라가기 쉬움. 하지만 과제가 상당히 많음 쉽지만 거의 일주일에 한번씩은 하는거 같음. 근데 별로 어렵거나 복잡하지않아서 재밋는 영어 수업이엇음
H020-4-8483-01,2020-1,해야할거 많음 필기 숙제같은건 없는데 거의 매주 미니 스피킹 테스트처럼 준비해가야함 기말 준비하기도 진짜 빡셈 근데 점수 잘주신다 깐깐하게 점수 깍진 않으심 힘들지만 학점은 잘나옴 그리고 교수님 너무 재밌음
H020-4-8995-01,2020-1,기말때 과제ㅈㄴㅈㄴㅈㄴㅈㄴ많음
H020-4-9615-01,2020-1,시험이랑 기말과제 스피킹인데 문법 틀릴때마다 마이너스되는게 좀 스트레스
H020-4-9720-01,2020-1,개고생했는데 학점보면 마음풀림
0000-2-0266-01,2020-2,지루하진 않음
0000-2-7472-01,2020-2,크아 역시 그는 갓
0000-3-0261-01,2020-2,토미는 무조건 들으세요
0000-3-0265-01,2020-2,이시대의 참교수입니다
0000-4-0262-01,2020-1,들어본사람들은 후회안합니다 키야
0000-3-6026-01,2020-2,꿀이라고 생각하면 큰 오산
0000-3-8605-01,2020-2,매우할게 많고 시험보는것도
0000-3-9745-01,2020-2,준비가 많이 필요함
0000-4-3538-01,2020-2,보너스 점수 주는 건 많음
0000-3-6217-01,2020-2,감사합니다~~~~~~~~~~~~ 토미쌤
0000-3-6224-01,2020-2,다른 교수님 수업들과 비교햇을때 일단 수업이 재치가 넘치고 교수님이 열정이 넘치시는것같아서 되게 좋았음. 대신 안하면 성적안나오는건 당연한거고 예상외로 성적 잘주는 교수님 토미는 옳다!
H000-1-3362-01,2020-2,God bless Tommy... 최고다 그냥 영어회화 실력도 기르고 재미있는 수업도 듣고 교수님과 좋은 추억을 만들고 싶으면 토미 들으셈 무조건..
H000-1-3362-02,2020-2,갓이시다
H000-1-3362-03,2020-2,멘탈갑 인성갑 열정갑
H000-1-3362-04,2020-2,과제도 다른 수업에 비하면 적은 편
0000-4-6585-01,2020-1,영어에 ㅇ도 몰라서 강의 초반에 걱정했지만 그는 역시 갓토미였다.
H000-1-3362-05,2020-2,교수님이 진짜 착하시고 학생들 하나하나 기억해주심
H000-1-3362-06,2020-2,밑에 a+반이라는건 과장이고 a+이6명정도
H000-1-3362-07,2020-2,그리고 a+ a b+말고 다른학점은 없어요
H000-1-3362-08,2020-2,학점 잘주심!!
H000-1-3362-09,2020-2,진짜 학기중엔 엄청힘들었는데 하고나서 다시 생각해보니깐 들었던 수업중에 제일얻어갈게 많았던듯
H000-1-3416-01,2020-2,열정넘치고 재밌고 귀여우심
H000-1-3416-02,2020-2,갓토미임
H000-1-3416-03,2020-2,과제 조금 많음
H000-1-3417-01,2020-2,그는 대체... 팡운대에 있기에는 그릇이 너무 크다..
H000-1-4626-01,2020-2,그저 갓갓갓
0000-2-0254-01,2020-1,영어회화 토미 미만 잡 ㄹㅇ루다가
0000-4-6732-01,2020-1,토미 과제는 좀 많지만 학점도 엄청 잘 주시고 열정넘치게 잘 가르쳐요!!
H000-1-4626-02,2020-2,정말 좋은 교수님! 하지만 과제가 너무많음.. 그래도 학점 왠만하면 비쁠 이상으로 주는것같아요
H000-1-4626-03,2020-2,진짜 재밌게 영어회화 배웠어요
H000-1-4626-04,2020-2,토미토미 정말 좋으신 분인데 갓토미정도는 아니심 매주 스피킹 테스트있고 이게 은근 스트레스임..그래도 영어회화만큼은 재밌게 수업했던 기억이 남네요
H000-1-4626-05,2020-2,교수님 너무 열정적이시고 열심히 가르쳐주시지만 과제 힘들어쓰..은근 압박되는 부분 하지만 제일 남은게 많은 수업 자기가 열심히 한만큼 학점 주심
H000-1-4627-01,2020-2,"영어가 좋아지는 수업 ,학점 자판기, 교수님의 정성을 느낄수있다"
H000-3-7905-01,2020-2,분명 매주 뭔가 글준비해오는거 있구 시간은근 투자해야하는데 영어에 꽤 관심 있으신분들은 좋아요! 학점도 괜찮게받구 한학기동안 내가 뭔가 했다 이런감정 느끼고 싶으신분들 추천드려요. 쉴시니없는 드립을 치는건 안비밀~
H000-2-4970-01,2020-2,꽤나 고생할 생각하고 들으세요 꿀빨려고 들으려면 100프로 후회합니다 영어 잘하시는 분들은 강추
H000-2-4970-02,2020-2,과제 많아서 처음에 힘들었는데.. 끝날때는 아쉬울정도로 넘나 좋은 수업이더라고요.. 최고에요 토미 교수님 ㅠㅠ 뿌엥
H000-2-4970-03,2020-2,영화도 보고 글도쓰고 학점도 잘주고 도랑치고 가재잡기 가즈아아아
H020-1-8297-01,2020-2,글쓰기 실력을 늘리고 싶다면 들으세요 확실히 늘어요
0000-3-6231-01,2020-1,신문 사설 매주 5개씩 적는 것이 과제
H020-1-8297-02,2020-2,생각보다 힘들지만 유익한 과제
H020-1-2339-01,2020-2,글쓰기에 큰 도움이 되는 수업이었습니다
H020-1-2339-02,2020-2,글쓰기라는걸 한번도 안해봤는데
H020-1-2339-03,2020-2,이 수업을 통해 어느정도는 알게 된 것 같아요
H020-1-2957-01,2020-2,킹갓경령교수님 강의는 그냥 들읍시다.. 난 다음에도 찾아들을거야...
H020-2-1186-01,2020-2,과제는 매일 사설쓰기... 매우 귀찮습니다.
H020-3-0875-01,2020-2,기존에 시험이 없던 수업인데 인원이 많아서 중간고사를 봤습니다. 기말고사도 예정되어 있었으나 교수님의 배려로 간단한 대체 과제가 있었습니다. 교수님으로 인해 교육에 관해 많이 배우게 되었습니다. 여러 측면에서 생각해볼 기회가 되었던 것 같아요. 성적 잘 못 나와도 얻는 게 있는 수업이라고 생각합니다. 수업 듣는 동안 즐거웠습니다.
H020-4-3507-01,2020-2,시험은 없고 소논문 2개로 대체하는데
H020-2-0454-01,2020-2,"이것도 매우 힘들지만,, 그래도 성적은 A0이상은 주시는것같네요"
H020-2-0454-02,2020-2,교수님이 진짜 친절하시고 잘 알려주려고 노력하십니다
H000-1-3095-01,2020-1,힘들었지만 배운게 많은 수업 같아요
H020-2-1462-01,2020-2,김효선 교수님 수업 여러 번 들어봤는데 거의 1-2주 간격으로 간단한 발표가 많음.
H020-2-3703-01,2020-2,발표 내용을 어느 정도 준비해야해서 약간 귀찮지만 전혀 부담스러운 발표도 아니고 다른 사람 의견 듣는 것도 재밌었음.
H020-2-3712-01,2020-2,"교수님께서 하시는 말씀 하나하나가 도움이되고 공감이 갔어요. 정말 최고의 힐링수업이였어요! 늘 학생들의 입장에 초점을 두고 생각하시는 것 같아요. 제가 대학교에서 만난 최고의 교수님이지 않을까 싶어요. 학점뿐만이 아닌 많은 배움, 실무에서의 조언을 얻어갑니다. 추후 교직에 나갔을 때 계속 기억나는 교수님일 것 같네요ㅠㅠ 교육학에 대한 많은 성찰을 하게 되었어요. 교슈님 1년간 감사했어용 사랑해오,,??"
H020-2-3712-02,2020-2,강의 길이가 길지 않아서 편하게 듣기 좋았어요
H020-2-3712-03,2020-2,수업 내용은 흥미로웠어요
H020-2-4530-01,2020-2,코로나 때문에 절평이라 성적 잘 주신것 같아요
H020-2-4530-02,2020-2,온라인이라 개꿀이었음 시험도 기말 한번이었는데 강의내용+본인 의견 쓰는 거라 부담없았음
H020-2-8087-01,2020-2,재미있게 잘 들었습니다. 교수님이 자기경험에 빗대어 설명해주십니다. 시험은 싸강이라 온라인으로 보았고 현강시 어떻게될지는 모르겠습니다
H020-2-8087-02,2020-2,이번에 코로나때문에 온라인 강의�壺底� 그런지 너무 꿀이었습니다
H020-2-8087-03,2020-2,강의내용도 참 좋았고 집중 잘 되고
H000-1-3095-02,2020-1,"큐앤에이 게시판에 각 주차마다 강의듣고 알게된점, 궁금한 점 적는걸로 출결 재확인하셨고 중간고사없이 기말만 봤는데 문제도 충분히 수업 들었으면 자기 생각과 결합해서 적을 문제들로 다 내주셨습니다~"
H020-2-8992-01,2020-2,아무래도 집에서 보는거니 거의 오픈북이나 다름없어서 더 그렇게 내주신것 같아요
H020-3-0458-01,2020-2,시험은 거의 없는거나 다름 없음 그냥 과제로 대체한다고 생각해도됨.
H020-3-0492-01,2020-2,교직인 사람들은 무조건 들어야 하는 수업. 2학점 수업이라 수업시간은 두시간. 수업에 잘 참여하면 기말은 온라인으로 대체하심. 인원수 상관없이 절평인 수업이라 꿀임. 거기다 교수님께서 워낙 친절하시고 나긋하셔서 하나하나 이해시켜드림. 부담제로인수업.
H020-3-0969-01,2020-2,수업도 재밌고 유익해요. 교수님 사랑해요ㅜㅜ♡♡
H020-3-1110-01,2020-2,너무 좋아요 교수님
H020-3-1110-02,2020-2,아름다우시고 재미있고 수업도 흥미진진합니다
H020-3-3659-01,2020-2,꼭 들으시고 행복한 금요일 되세요
H020-3-4534-01,2020-2,기말은 시험대신 대체 과제를 내주십니다.
H020-3-5694-01,2020-2,대학와서 들은 수업중 최고일 정도로 교수님이 너무 좋아요!
H020-3-8994-01,2020-2,그저 킹갓심리의 빛-경령 교수님이시다. 님들 왜 안 교직요?
H000-1-3095-03,2020-1,교수님 사랑해요!! 정말 다음에도 수업듣고싶어요ㅠㅠ
H020-3-9719-01,2020-2,"일단 교수님이 너무 아름다우셔서 눈을 뗄수가 없는 수업이에요 ㅎㅎ 다른 과목들에 비해 부담감도 적고, 실제 사례들을 이야기해주시면서 설명해주셔서 쉽게 이해도되는것 같아요!"
H020-4-4181-01,2020-2,맨날 재미없고 칙칙하고 공식으로 가득한 수업만 듣다가 들어서인지 수업 너무 재밌어요 자는 사람 다른 과제하는 사람 이해안�課�.ㅠ
H020-4-6897-01,2020-2,"연강 수업이지만 연강 수업 특성상 2시간 다채우지는 않고 거의 1시간 30분한다고 생각하고 들어가면 되고, 과제나 시험이나 어려운 편도아니며, 교수님이 교수님 경험담 말해주는 형식으로 이루어지는 수업임. 인간심리의 이해 들은 사람이라면, 어렵지 않게 들을 수 있는 과목. 기말없이 중간만 보고 기말은 대체과제로 대신함."
H020-4-8996-01,2020-2,동영상으로 발표 영상 만들기가 과제
H020-4-8997-01,2020-2,열심히 만들었더니 A+ 받음
0000-2-0254-01,2019-1,코로나기준 동영상만들기 과목이었다.
0000-2-0258-01,2019-1,등록금 아깝지만 학점..
0000-2-0263-01,2019-1,출튀 개많은데 조교는 말로만 출튀하지 말라하고 잡을 생각도 안한다 출튀하는 사람중에 아는사람이라도 있나?^^
0000-2-0268-01,2019-1,휴강 많고 제안서 한번 발표 한번 결과 보고서 한번 있음
0000-2-7467-01,2019-1,고냥 들으세요 이거 개꿀띠라구요ㅠㅠ 그냥 발표 좀 하면 에이쁠은 당신꺼!
H000-1-3095-04,2020-1,졸업작품이라 꼭 들어야하는데 절대평가인지 왠만해선 A 이상임
0000-2-9749-01,2019-1,팀을 만들어서 3번 정도 발표하는 건데 완성 못해도 괜찮음
0000-3-7468-01,2019-1,조별수업이라 팀을 잘 짜야하는데 첫 주에 팀 짜니까 안 빠지는 게 좋음
0000-3-8604-01,2019-1,산학연계하던 팀들도 있어서 비교될 수 있는데 너무 걱정하지 말고
0000-4-0262-01,2019-1,그냥 자기 졸업작품 만들고 그걸 단계별로 발표하는 수업이라 생각하면 됨
0000-4-6585-01,2019-1,수업은 전부 돌아가면서 발표하다가 끝나니까 자신 발표 끝나거나 없는 날은 구경만 함
0000-4-6732-01,2019-1,어차피 꼭 들어야하는 수업이니까 듣겠지만 졸작 진행만 잘하면 거저먹는 수업
0000-3-6231-01,2019-1,걍 조원 돌아가면서 발표하란 것만 잘 하면 됨.
H000-1-3414-01,2019-1,"총 3번인데 처음, 마지막 발표만 중요"
H000-1-3414-02,2019-1,"과제는 걍 이력서 쓰기, 포트폴리오 쓰기 이런건데 걍 하란대로만 하면 됨"
H000-1-3415-01,2019-1,절평이라 100명중 A가 70~80 정도 되는듯. A+도 한 40명?
H000-1-3095-05,2020-1,"영어발표는 안해도 되고, 하면 A+ 확정이겠다 정도?"
H000-1-3415-02,2019-1,교수님이 준비하라는 내용만 준비하고 잔소리 견디고 잘하면 에이
H000-1-4625-01,2019-1,가끔 와이프랑 싸우고 온거같음
H000-1-4625-02,2019-1,시덥잖은거 많이 궁금해하심
H000-1-4625-03,2019-1,ex) 이 라이브러리의 풀네임이 뭐지?
H000-1-4625-04,2019-1,4학년이 졸업을 앞두고 교수님 앞에서
H000-1-4625-05,2019-1,졸업작품 진행도를 ppt로 만들어서 발표하는 수업인데
H000-1-4628-01,2019-1,총 3번 발표에 먼저 발표 다하면 안나와도됨 개꿀띠
H000-1-9756-01,2019-1,하지만 교수님 피드백이 매우거침 까슬까슬
H000-2-4969-01,2019-1,그 동안 수고하셨습니다.
H000-2-4969-02,2019-1,코멘트 해주시던 모습 생각날 것 같습니다.
H000-1-3095-06,2020-1,매주 수업시간에 소감문 내는게 과제대체구요. 그시간안에못내도 이메일로 보내면됩니다. 중간고사때 간단한 중간고사+개인보고서 있습니다. 팀플 기말때하나있구요. 아이디어가 중요해요. 만들어보면 더욱 좋아요. 전액지원나옵니다.
H000-2-4969-03,2019-1,갓판식.. 눈이 부셔서 힘든거 빼면 완벽... 그저 빛..
H000-2-7740-01,2019-1,진짜 갓 수업. 코로나로 휩싸인 학기에 이 교수님 수업 없었으면 어떡했나 싶음. 과제가 매주마다 나오지만 수업은 없었고 피드백이 진짜 너무 좋았음. 교수님 그 피드백 덕분에 자존감도 오르고 글쓰기에 더 열정을 가지면서 생각하는 글쓰기를 하게 됨. 난 그냥 춤추는 고래였음.
H000-3-6591-01,2019-1,책 구하는거 빼고는 괜찮았음 퀴즈풀면서 생각도 많이하게되고 좋았다 매주 과제있는게 좀 까다로울 수도 있음 학점 잘주심!
H000-3-7905-01,2019-1,매주 책읽고 문제풀었는데 책이 찾기 힘들긴 해도 문제풀때 자기생각 잘 적으면 퀴즈 몇개 틀려도 점수 잘주셨습니다.
H000-3-9757-01,2019-1,융사는 무조건 박판식 교수님껄로 글쓰기 능력 어느정도만 있고 열심히하면 학점 그냥 가져감
H020-1-0019-01,2019-1,말해뭐해 그냥 수강신청해 외쳐 갓판식 그는 빛☆
H020-1-0019-02,2019-1,싸강이었는데 매 수업시간에 그냥 책 읽고 퀴즈 풀어서 재출하는 거였고 시험도 그냥 퀴즈때 썼던거 한개 골라서 고쳐쓰는거여서 완전 편안한 수업이었다. 갓판식!!!
H020-1-0019-03,2019-1,매주마다 책 읽고 제출하는 과제가 있는데 책 구하기가 쉽진 않아도 과제 난이도 자체는 까다롭지 않았음 성실하게 작성만 하면 점수도 잘 주셔서 나름 꿀강이었고 힐링 과목이었음 ! 굿굿 갓판식 ㄹㅇ
H020-1-2957-01,2019-1,강의 피드백 과정에서 많이 부족한 점을 말해주시지만 그 부분을 채우려고 하다보면 성적도 잘 받을 수 있습니다. 교수님께서 최대한 저희의 생각을 반영해 주시려고 합니다.
H020-1-2957-02,2019-1,저는 과제가 많아서 힘들었는데 학점을 잘 주서셔 괜찮았습니다! 글쓰기는 어쩔수없이 과제가 많은 거 같아요!
H000-1-3095-07,2020-1,융사글 김광섭교수님 들을만해요 친절하십니당 매주 글쓰기 과제가 있지만... 별 하나 깎은것도 글쓰기 과제가 멈추질 않아서 너무 귀찮았습니다 ㅎㅎ... 하라는거 하고 글 조금만 신경써서 쓰면 에이쁠 주십니다
H020-2-0819-01,2019-1,꿀강 a+감사합니다ㅎㅎ 발표실력도느는데 부담도없어여
H020-2-0819-02,2019-1,중간고사는 ppt고 기말고사는 조 짜서 토론합니다. 과제 거의 없고 여유롭게 들으면 됩니다. 의외의 꿀 강의
H020-3-1942-01,2019-1,과제가 많음 하지만 부담스럽지 않음 그래서 그런지 시간일 갈수록 글쓰기가 좋아지고 있다고 느낌 처음 학기 들어갈때는 어떻게 써야할지 부담이 많았는데 시간이 갈 수록 해결됨 근데 온라인 강의라서 카독으로 글쓰기를 해왔는데 현강이면 낯가리는 사람이라면 발표나 조별에서 자신의 생각을 들어내는게 힘들 수 있다고 생각함
H020-1-8101-01,2019-1,교수님이 선하신게 눈에 보입니다. 얻어가는게 꽤나 많았습니다. 한. 가지 아쉬운 점은 2분반에 수업 중에 큰 소리로 비속어 섞어 대화하는 무리가 있었는데 그에 대한 제재가 없던게 아쉽습니다. 학번 보니까 18이던데 학교 다니면서 수업에 대한 태도 부분에서 배운게 없는 사람들 같았습니다. 수업 커리큘럼은 정말 좋았습니다.
H020-2-0453-01,2019-1,배워가는게 많은 수업이였음. 재미도 있었고 학점도 잘받았음. 교수님 출산으로 쉬러가셨는데 다시 오실지는 아직 모른다하심.
H020-2-0453-02,2019-1,강의력도 괜찮으시고 한번 할 때 마다 출석과제가 있는데 부담되진 않음. 평가과제는 총 6번으로 주제도 어렵지 않고 괜찮은듯. 학점도 잘 주시는 것 같음
H020-2-1994-01,2019-1,학생들을 배려해주시는게 눈에 보입니다. 분반이라 학생 한사람 한사람 관심가져주시며 내용도 어렵지 않은 내용을 친절하게 설명해주십니다.
H020-2-1994-02,2019-1,절대평가라 시험같은거 걱정 할 필요 없다고하시는등 화기애애하게 수업을 이끌어나가세여.
H020-2-8086-01,2019-1,모두들 꼭 들으셨으면 합니다.
H020-2-8086-02,2019-1,비록 학점은 최고가 아니었으나 저번학기에 들은 강의 중 최고의 강의라는 점은 부정할 수가 없습니다.
H000-1-3095-08,2020-1,만약에 공프 과목 들으시려면 전형철 교수님 강의로 들으세요.
H020-2-8086-03,2019-1,1주~2주 에 글 하나(A4한장 분량) 쓴다고 생각하면 되요
H020-2-8481-01,2019-1,글쓰기 수업이다보니 매번 과제가 나올수밖에없는 과목 ㅠㅠ
H020-2-8481-02,2019-1,힘들었지만 그래도 학점은 잘 주셔요
H020-2-8482-01,2019-1,저는 과제가 많아서 힘들었는데 학점을 잘 주서셔 괜찮았습니다! 글쓰기는 어쩔수없이 과제가 많은 거 같아요!
H020-2-8482-02,2019-1,리거 개꿀임 전공에 치여살다 힐링되는 수업이야
H020-2-8482-03,2019-1,도움되는 얘기도 많이 해주시고 점수도 최대한 잘 주십니다.
H020-3-0922-01,2019-1,융사글 김광섭교수님 들을만해요 친절하십니당 매주 글쓰기 과제가 있지만... 별 하나 깎은것도 글쓰기 과제가 멈추질 않아서 너무 귀찮았습니다 ㅎㅎ... 하라는거 하고 글 조금만 신경써서 쓰면 에이쁠 주십니다
H020-3-0922-02,2019-1,전형철 교수님 재밌고 수업은 좋으나...
H020-3-1647-01,2019-1,학점이 너무 짠게 아쉽습니다
H020-3-1654-01,2019-1,토론이랑 발표에서 점수 많이 들어가니까 두개 잘하시는 분들만 하세요
0000-2-0258-01,2020-1,대체로 오신 전형철교수님 완전좋아요!!!
H000-1-3095-09,2020-1,"말하는것도 재미있고 시사,역사,정치등 여러분야에 대해 얘기하는데 아는것도 많으시고 학생들의견도 존중해줍니다"
H020-3-2004-01,2019-1,제가 수년간학교다니면서 제일 교수님다운분입니다
H020-3-3704-01,2019-1,대체로 오신 전형철교수님이 너무 좋았어요
H020-3-3704-02,2019-1,수업을 재밌게 진행하시고 운이 좋아서 저랑같이 수강한
H020-3-3704-03,2019-1,학생분들도 다 좋았어요!!
H020-3-3831-01,2019-1,유일한 단점(?)은 가위바위보는 되도록 지는게 좋다는거?ㅋㅋ
H020-3-8993-01,2019-1,노춘기 교수님 수업을 들은건 아니고 대체로 오신 전형철 교수님 수업을 들었는데 리얼 바껴서 개꿀이었슴다
H020-3-8993-02,2019-1,1주~2주 에 글 하나(A4한장 분량) 쓴다고 생각하면 되요
7220-4-0846-01,2019-1,글쓰기 수업이다보니 매번 과제가 나올수밖에없는 과목 ㅠㅠ
7220-4-5190-01,2019-1,내가 바로 유일하게 A+을 받았나 보다. 조별 과제 하기 싫지만 공학인증이라 다 조별 과제라 어쩔 수 없이 들어야한다면 조별 과제의 점수보다 필기 시험 배점이 높은게 더 낫지 않나??
H000-1-3414-01,2020-1,40명에서 들었는데 에쁠 한명줌...
7220-4-5191-01,2019-1,A도 퍼센트 모지라게 채워요
7220-4-5861-01,2019-1,음 일단 코로나때문에 시험 없었고 과제 대체됨 ㅇㅇ 이건 개꿀임 근데 과제가 많다고 할 수도 없는게 다른 융사 수업들도 다 비슷비슷함 오히려 우리는 책에 수기로 쓰는 게 아니라 따로 내주셔서 워드로 쳐서 낼 수 있어서 편했음 학점도 잘 주심 ㅇㅇ 융사 교수님 고민중이면 광섭교수님들으셈
7220-4-8483-01,2019-1,음 듣지마세요. 들을거면 생활한문 있죠?? 그거 평 좋던데 그거 들으세요 2등 3등도 에쁠 못받고 교수님이 융통성이 없으세요.
7220-4-8995-01,2019-1,전체적으로 점수 산출 방식이 개편 되어야 하거나 없어져야 하는 수업입니다
7220-4-9720-01,2019-1,별사탕 중요하다해서 발표 열심히 했는데 크게 중요하진 않은듯.
0000-2-0266-01,2019-2,발표=별사탕=1점인데 5점이 최고인거 같고 2번만햇는데 기말때 글 잘쓰면 A+나옴
0000-2-7471-01,2019-2,발표 할때 자기가 한 발표 잘 기억하세요
0000-2-7472-01,2019-2,제 친구 7번인가 했는데 교수님이 체크를 안하신건지 원래 해당이 안되는건지는 몰라도 4번밖에 적용 안�獰楮�
0000-3-0261-01,2019-2,출석은 뭐 항상 부르시는데 마지막되니까 다들 병결로 처리하니까 다 되더라구요. 단 그런거없이 계속 출석하면 출석가산점있음
0000-3-0265-01,2019-2,강의 들어보면 정말 스마트함이 묻어남. 말도 재밌고 잘하시고.
H000-1-3414-02,2020-1,"학점 잘 받으려면 수업 잘 듣고, 발표(횟수만큼 별사탕 점수 지급)를 많이 해두면 중간,기말이 어떻든 좋은 학점 받을 수 있음"
0000-3-6026-01,2019-2,"학점 진짜 졸라 짜게 줍니다. 지각없이 결석 한 번 밖에 안하고, 별사탕도 많이 모으고, 조별과제때 발표해서 가산점도 받았고, PPT과제 칭찬까지 받았는데 B0 떴습니다. A받은 친구들보면 저보다 훨씬 발표 빈도수가 높든지 하더군요. 그냥 매 시간 미친듯이 손들어서 발표하세요. 그러면 A받을 수있을겁니다."
0000-3-6224-01,2019-2,별사탕 중요하네요. 출석대체과제가 개인점수에 다 점수에 반영되니까 열심히 해서제출하세요.
0000-3-8605-01,2019-2,꿀강의기대하면 니니 근데 교수님이 말잘하셔서 재밋는 수업임 .
0000-3-9745-01,2019-2,수업들으면 교수님이 되게 스마트? 하시다는걸 알 수 있는 깔끔한 수업이고 발표좋아하는 사람이 들으면 딱이에요
0000-3-6217-01,2019-2,부분 점수가 큰 의미가 있습니다 별사탕 잘 받으세요 근데 2015년 1학기에는 이 교수님 없네요 흑흑
H000-1-3362-01,2019-2,과제형식 시험입니다 그렇게 열심히않해도 학점 잘 주시구요 수업도 유익합니다.
H000-1-3362-02,2019-2,추가 발표 개 열심히 하면 성적 잘나옴. 그놈의 별사탕.
H000-1-3362-03,2019-2,그저 빛.... 한 학기동안 영어공부 편하고 재밌게 잘했습니다!! 학생들의 의견을 전중해주시고 최대한 반영하기 위해 노력하시는 분입니다!! 다양한 영상자료들도 준비해주셔서 재미있게 수업에 임할 수 있었습니다!!
H000-1-3362-04,2019-2,학생들 배려 잘해주시고 과제도 거의 없고 좋았습니다!
H000-1-3362-05,2019-2,학생들을 많이 배려해주시고 신경써주시는 교수님. 코로나 때문에 강의실에서 뵈지 못한게 아쉬웠음
H000-1-3414-03,2020-1,김지희 교수님 강의 수강 신청 성공한 당신 ... 위너
H000-1-3362-06,2019-2,완전 깨어있으신 교수님. 이런 교수님은 아마 광운대 내에서 없을 것이라 생각함
H000-1-3362-07,2019-2,학생들 최대한 배려해주신 것 같아 좋았어요. 시험도 어려운 편은 아니었고 영어에 대한 기본 베이스가 있다면 쉽게 느껴지실 거예요. 교재만 놓고 보면 별로지만 교수님께서 많은 걸 알려주시려 노력하십니다.
H000-1-3362-08,2019-2,당. 장. 수. 강. 해 이거 신청한게 1학기 최대업적
H000-1-3362-09,2019-2,더 이상 뭐 말할것이 있나?
H000-1-3416-01,2019-2,그냥 최고의 교수님...♡
H000-1-3417-01,2019-2,교수님 정말 좋으신 분이고 학생들에게 관심이 많으십니다. 다만 교재 특성상 수업내용 자체는 별론데 최대한 많이 알려주시려고 노력하시고 질문도 잘 받아주십니다.
H000-1-4626-01,2019-2,상평인건 좀 그런데 교수님 너무 좋으시고 수업도 좋음. 퀴즈 있고 과제 없음. 추천.
H000-1-4626-02,2019-2,수업 재미있게 가르치시고 내용도 쉬운 편입니다!
H000-1-4626-03,2019-2,열심히만 하면 그냥 A받는다고 보면됨 비교적 학점 잘주시는 편이고 기말고사는 팀플이랑 시험을 같이 점수매기는데 팀플에서 이상한 애 만나지만 않으면 무난함
H000-1-4626-04,2019-2,그냥 꿀강의 시험은 피피티만 열심히보면 무조건 다맞고 교수님이 친절하게 알려주셔서 너무좋았음
H000-1-3415-01,2020-1,교수님이 잘 도와줍니다. 근데 과제는 많아서 좀....
H000-1-4626-05,2019-2,교수님이 강의력도 괜찮고 무엇보다 학생을 적극적으로 도와주심. 주말이나 새벽 늦게 질문을 드려도 다 답변해주심. 아쉽게 상대평가였지만 쁠은 다 채워주심.
H000-1-4627-01,2019-2,강의력도 좋으시고 시험도 어렵지 않습니다.
H000-2-4970-01,2019-2,예제 열심히 공부하면 잘 볼수 있어요
H000-2-4970-02,2019-2,열심히만 하면 그냥 A받는다고 보면됨 비교적 학점 잘주시는 편이고 기말고사는 팀플이랑 시험을 같이 점수매기는데 팀플에서 이상한 애 만나지만 않으면 무난함
H000-2-4970-03,2019-2,수업 재미있게 가르치시고 내용도 쉬운 편입니다!
H000-1-9756-01,2019-2,진짜 너무너무 좋은수업이고
H000-3-7741-01,2019-2,학점도 잘주심 교수님도 엄청 친절하시다
H000-3-7605-01,2019-2,그냥 뭐....천사이십니다. 5점 만점에 5점 드립니다.
H020-1-8297-01,2019-2,수업 재밌고 별로 어렵지도 않음 시험 전날 공부조금만해도 상식적으로 맞출수있음
H020-1-8297-02,2019-2,교수님이 학생 부담을 많이 덜어주시고 파이썬을 잘 이해할 수 있었음 점수도 후하게 주시고 듣기 좋았다
H000-1-3415-02,2020-1,고등학교때 정보과목을 배워놨으면 개쉬움. 교수님도 착함
H020-1-2339-01,2019-2,문과생이 이해하기엔 파이썬은 좀 어려웠지만 교수님이 정말 친절히 설명해주시고 직접 풀면서 보여주셔서 이해하기 수월했어요 시험도 좋은 점수 받을 수 있었어요
H020-1-2339-02,2019-2,그냥 군말 할 것 없이 학점느님. 강의만 잘 듣고 시키는 것 열심히하면 파이썬에 대해서 일반적인 지식은 가질 수 있다.
H020-1-2339-03,2019-2,지정된 분반이었지만 이 교수님 강의듣는 분반은 운 좋은겁니다 !!!!!!
H020-1-2957-01,2019-2,갓상근 교수님.... 뼛속문과라서 컴사 수업 전혀 기대 안 했는데 딱 쉽게 설명해주셔서 곧바로 이해할 수 있었어요. 중간 대체 과제에 기말은 온라인 시험 봤는데 그냥 갓... 진짜 쉽고 핵심만 담겨 있음. A+ 감사합니다 ㅠㅠ. 최상근 교수님 컴사 듣는 분반 축복받음
H020-3-0875-01,2019-2,교양이라고 언급하시면서 비전공자도 어렵지않게 할수있도록 노력을 많이해주심 수업은 그냥 책읽기라 시험전까지 내가 공부하면 됨 점수 후하게주심
H020-2-0454-01,2019-2,첨엔 그냥 피피티만 읽는것 같다는 느낌을 받았는데 들으면 들을수록 설명도 너무 잘해주시고 코드 짜는 과정도 직접 보여주셔서 이해하기가 쉬웠습니다 중간 기말도 굉장히 쉬웠어요
H020-2-1462-01,2019-2,교수님 친절하게 알려주시고 너무 좋으심 학점도 수업만 잘 따라하면 무조건 A+ 받을 수 있음
H020-2-3703-01,2019-2,코딩을 하는 과가 아니라서 학생들이 어려워할 걸 알고 교수님께서 하나하나 친절하게 설명해주시는게 느껴졌다!! 중간고사때 실기위주로 나온다고했는데 이론위주로 나와서 당황했던것 말고는 정말 좋은 교수님이셨당
H020-2-3712-01,2019-2,진짜 너무 너무 만족했던 수업
H020-2-3712-02,2019-2,교수님 정말 너무 친절하시고 질문 많이 드려도 친절하게 하나하나 답장 해주시고 최고의 교수님이었음!!!!
H000-1-4625-01,2020-1,항상 차근차근 알기 쉽게 가르쳐주셔서 처음배우는데도 불구하고 너무 재밌게 수업들었습니다!
H020-2-3712-03,2019-2,교수님이 너무너무너무너무 친절하심
H020-2-4530-01,2019-2,진짜 이런 교수님만 있었으면 한다
H020-2-8087-01,2019-2,교수님 갓갓 진짜 스윗하시고 학생들을 너무 많이 배려해주셔서 정말 너무 감사했다 이번학기 최고의 교수님이셨다
H020-2-8087-02,2019-2,학생들 입장에서 먼저 생각하려 해주시고 내용이해안되는 부분이 절대 없게 반복 또 반복해서설명해주셔서 머리에 쏙쏙 들어온다 진짜 교수님 너무 좋아요 사랑합니다♡
H020-2-8087-03,2019-2,교수님 너무 친절하시고 좋으신 분 . 하나하나 다 알려주셔서 하나도 안어려웠고 수업들으면서 힘든 점 없었어요~~
H020-2-8992-01,2019-2,그냥 교수님이 너무 선하시고 학생을 위하는게 보인다. 그냥 최고다
H020-3-0458-01,2019-2,본인은 코로나때문에 기말고사 당일에 처음 뵀지만.. 온라인 강의에서 교수님의 말투는 매우 배려심이 묻어나 있었다. 처음으로 학생들과 대면했을 때에도 절대/상대평가 결정은 학생들이 학점을 잘 받을 수 있는 방향으로 결정하시겠다 하셔 정말 좋은 교수님이시구나 싶었다. 원래 반수했던 학생으로서 전 학교의 파이썬 교수님은 따라가기가 무척이나 힘들었는데 박세영교수님은 이해하는데 전혀 무리가 없이 진행해주셔 너무 감사했다 덕분에 파이썬에 대한 두려움이 사라진 것 같다
H020-3-0492-01,2019-2,파이썬이란 것을 처음 배워봐서 정말 아~무것도 모르는 상태였는데 설명을 쉽게 해주셔서 부담감이 느껴지지도 않았고 이해하기도 쉬웠음 강의 잘 들으면서 따라해보기도 하고 피피티보면서 내용 다시 공부하고 연습해보면 시험은 걱정하지 않아도 될 정도임
H020-3-0969-01,2019-2,정말 최고
H020-3-1110-01,2019-2,갓상근교수님... 학생들 배려하시는게 느껴졌음
H000-1-4625-02,2020-1,평소 과제는 하나도 없었고 중간으로 대체 과제 주셨는데 그것마저 그냥 교수님 풀이과정 베끼면 되는거임
H020-3-4534-01,2019-2,기말고사도 미친듯이 쉬움
H020-3-5694-01,2019-2,컴사는 무조건 이 교수님 들으세요. 과제 매주 있긴 하지만 그렇게 어렵지 않아서 수업 열심히 들으시면 쉽게 할 수 있어요. 무엇보다 교수님이 너무 친절하시고 잘 가르쳐주셔서 컴퓨터 아예 모르는 사람도 잘 따라가기만 하면 좋은 학점 받으실 수 있을 거에요. 중간 기말도 공부 좀 했으면 무난하게 풀 수 있을 정도로 쉽습니다.
H020-3-8994-01,2019-2,과제 주마다 있긴한데 강의영상보면 다 할 수 있고 시험도 그리 어려운편 아니라 쉽습니다
H020-3-9719-01,2019-2,설명도 잘 해주시고 학생들 의견 반영도 잘 해주십니다 과제도 어렵지 않고 시험도 쉬워요!!!! 이해하기 쉽게 하나하나 잘 알려주셔요 교수님 최고예요
7220-4-4181-01,2019-2,설명 잘해주시고. 과제를 매주 내주시긴 하지만 엄청 간단하고 쉽습니다. 그날 들은 수업 복습용으로 내주시는거라서 10분도 안걸리고요. 강의 열심히 듣고 잘 따라가시면 좋은 점수 받을수있어요.
7220-4-6897-01,2019-2,"교수님 좋아요 최대한 학생들 의견 반영하려 하십니다 중간,기말, 실습 모두 설문조사로 결정했어요 그리고 이론 시험 문제도 다 나올만한 부분에서 출제하십니다 실기 시험은 수업 듣고 과제 성실히 제출만 했어도 쉽게 해결할 수 있는 문제 내주세요 학생들 배려하려고 많이 노력하시는게 보이고 피드백도 잘 해주시는 좋은 교수님입니다 분반때매 강의평 없는 교수님으로 지정되어 걱정했는데 좋은 교수님 만나 덕분에 편하게 한학기 공부했습니다 교수님 감사합니다~"
7220-4-8996-01,2019-2,교수님 엄청 열정적으로 가르치시고
7220-4-8997-01,2019-2,학생들을 되게 잘 챙겨주시려고 하심
7220-4-9433-01,2019-2,갓성길님 그는 그저 빛...☆ 사랑합니다 꼭 들으세요
H000-1-4625-03,2020-1,그저 갓 .... 빛입니다. 이 교수님의 수업은
H000-1-4625-04,2020-1,앙 개꿀띠 꼭 들으세요 두번들으세요 에이쁠 가즈아~~~~~~~~
0000-2-0263-01,2020-1,수업태도도 학점에 반영되어서 수업 집중해서 들으세요
H000-1-4625-05,2020-1,시험은 없으나 평소 수업 태도와 특히 출결이 중요합니다. 1분만 늦어도 바로 지각 ㅠ
H000-1-4625-06,2020-1,수업자체는 재미있고 잘가르치심
H000-1-4628-01,2020-1,그러나 과목자체가 어렵기때문에 빡공은해야됨
H000-1-9756-01,2020-1,인강은 솔직히 좀만 적당히듣고 현강이젤중요함 설명을너무잘해주셔서 그걸알아들으면됨
H000-2-4969-01,2020-1,회로이론이라는 수업은 사실 어렵고 난해한 문제들이 많아 겁이 나는 과목이지만 이 교수님이 진행하는 수업은 큰 부담감은 없어서 좋음 ㅁ재미있고 위트있게 수업을 진행하려는 모습이 참 좋음
H000-2-4969-02,2020-1,"솔직히 인강은 잘 안듣는다, 왜냐면 현강에서 설명을 너무 잘해주셔서.. 수업도 위트있게 잘 진행하시고 특히 뒷부분에선 감탄하면서 들었던 부분이 자주있다."
H000-2-4969-03,2020-1,절대평가라고 해서 기말 엄청 망했고 그래서 그냥 학점 망했구나 했는데 생각보다 엄청 잘 주셨어요 사실 인강은 귀에 잘 안들어온다는게.. 단점 대신 과제도 거의 없고 딱한번 보고서 써오는거 있었는데 나름 별로 어렵지 않아서 2시간만에 다 쓸수 있어욤 교수님 그리고 웃기신거 같아요ㅋㅋ
H000-3-7905-01,2020-1,절대평가라고 겁주시지만 성적은 상대평가로 채워서 주심
H020-1-0019-01,2020-1,중간은 내용도 쉬운 편이라 책에 있는 문제도 잘 풀리고 시험도 평균이 높지만 기말은 내용이 어려워 책에 있는 문제를 풀기도 좀 힘들고 평균도 20점대로 뚝 떨어짐
H020-1-0019-02,2020-1,과제는 영어 보고선데 그대로 베끼지 않고 이해한대로 쓰면 높은 점수 주시는 듯
0000-2-0268-01,2020-1,어느정도 노력하면 학점은 높게 나옴
H020-1-0019-03,2020-1,학점 잘 주심
H020-1-2957-01,2020-1,조는 친구들 있으면 질문 시키시고 날짜에 따라 출석번호 질문 시키심
H020-2-0819-01,2020-1,이 과목이 원래 이런건지 교수님이 별로인건지 모르겠음 근데 학점은 잘 주셨으니 감사합니다
H020-2-0819-02,2020-1,과제는 딱한번 있고
H020-3-1942-01,2020-1,수업 설명 잘해주심
H020-1-8101-01,2020-1,교수님이 되게 착하셔서 좋네요... 말씀하시는거보면 매학기마다 바닥을 깔아주는 사람들이 되게 많은거 같아요. 조금만 열심히 하면 학점 정말 잘 주시는거 같은데 말이죠... 연습문제랑 예제만 열심히 공부해도 좋은 학점 받으실거에요
H020-2-0453-01,2020-1,온라인 수업 50프로이지만 학기말 가면 전부 오프라인으로 하심
H020-2-0453-02,2020-1,코로나여서 출결은 인강으로 함 시험도 기말 한번봄
H020-2-1994-01,2020-1,1~2문제 풀이과정과 함께 제출하는 과제 6번정도 내심 쉬워서 부담은 전혀 없음
H020-2-1994-02,2020-1,시험 3문제 나왔는데 정말 농담아니고 교재에 연습문제보다 쉬움
0000-2-9749-01,2020-1,참고로 시험때 계산기는 사용못함
H020-2-8086-01,2020-1,이번에 코로나때문인진 모르겠지만 학점 퍼주신거같음
H020-2-8086-02,2020-1,수업도 정말 친절하게 하나부터 열까지 꼼꼼하게 알려주심
H020-2-8086-03,2020-1,책보고 조금 난해하다 싶은거 교수님 수업 배속으로 들으면서 전부 이해가능
H020-2-8481-01,2020-1,궁금한거나 의아한 거 메일 드리면 정말 친절하게 설명해주심
H020-2-8481-02,2020-1,쉽고 편하게 잘 가르쳐주십니다. 다만 시험문제가 쉽고 계산실수/단위실수에 대한 부분점수가 하나도 없어서 시험에서 실수인하는게 중요합니다
H020-2-8482-01,2020-1,재수강인데 교수님 너무 젠틀하시고 착하셔요 ㅠ.. 강의력 인강이었는데도 진짜 대박좋으시고 이해 엄청 잘됨! 시험도 망쳤다 생각했는데 A뜬거 보면 학점도 잘주시는것같아요 ㅎㅎㅎ 코로나빨인가 ㅎ
H020-2-8482-02,2020-1,교수님께서 정말 친절하고 꼼꼼하게 설명해주세요. 과제도 배운내용을 토대로 하시면 문제 없으십니다. 시험은 과제보다 조금 어렵습니다.
H020-2-8482-03,2020-1,컴공 갓호영 교수님~
H020-3-0922-01,2020-1,워낙 학생입장을 많이 배려해주시고 어려운 내용들은 차근차근 설명을 잘 해 주십니다. 퀴즈 4번 시험 2번 보지만 퀴즈는 강의자료 수준에서 변형을 하십니다. 어렵지 않고 개념만 잘 잡고 계산 단위 실수 하지 않으면 학점을 잘 받을 수 있을 겁니다.
H020-3-1647-01,2020-1,교수님 아주 친절하십니다!!!
0000-3-7468-01,2020-1,잘 가르치시고 열정도 넘치십니다~
H020-3-1654-01,2020-1,학점도 잘 주십니다 ^^
H020-3-2004-01,2020-1,학생의 입장에서 쉽게 이해할 수 잇도록 잘 설명해드림. 시험과 퀴즈 둘다 정답이 깔끔하게 떨어지게 내므로 정답이 소숫점 세자리 이상 나오면 본인이 틀린것이므로 다시 계산해보자.
H020-3-3704-01,2020-1,집중 잘되고 이해는 잘됨
H020-3-3704-02,2020-1,다만 내가 계산을 몽땅다틀릴뿐
H020-3-3704-03,2020-1,퀴즈4번 시험 2번
H020-3-3831-01,2020-1,문제들 모두 수업시간에 푼 문제들 숫자만 변형시켜서나옵니다. 책에있는 기출문제 자세히풀어볼 필요 없고 수업시간만 집중하면 충분히 시험 잘봅니다. 오히려 퀴즈와 시험 문제 난이도가 똑같다고 보며 단위틀리는거 조심하라고 교수님께서 항상 말씀하시는데 틀리는사람이 문제라고 봅니다. 수업도 재밌고 학생들 배려도 해주시고 괜히 갓호영하는게 아닙니다.
H020-3-3831-02,2020-1,퀴즈4번 중간 기말
H020-3-8993-01,2020-1,퀴즈와 시험의 난이도 갭이 매우 심함
H020-4-0846-01,2020-1,주로 수업시간에 한 예제를 변형시키거나 심화해서 출제함
H020-4-3112-01,2020-1,부분점수가 없음
0000-3-8604-01,2020-1,단위 틀리면 0점
H020-4-5191-01,2020-1,수업은 재미있게 잘 가르쳐주십니다. 과제는 없고 대신 격주로 퀴즈를 보는데 수업시간에 한 example위주로 나옵니다. 과정이 맞더라도 계산실수가 있으면 부분점수 없이 0점 처리가 되서 좀 별로 였네요.
H020-4-5861-01,2020-1,"강의도 괜찮고 교수님이 엄청 착하셔요. 융통성 있으신 분이지만 기본적으로 원칙주의자 같은 분이십니다. 단위랑 계산 실수 최대한 안하게 주의만 하면 퀴즈 시험 전부 안어렵고, 이유는 모르겠는데 성적이 전체적으로 낮게 나오니 학점은 쉽게 딸 수 있어요. 퀴즈는 총 5번 항상 1문제 소문제 3~4개 각 1점이고, 퀴즈랑 시험이 ppt 문제를 바탕으로 나오니 책은 없어도 되는데, 있으면 시험공부할 때 문제를 풀어볼 수 있겠죠? 인터넷에 pdf도 있으니 살 필요는 없어요."
H020-4-8483-01,2020-1,"교수님 너무 착하시고 학생에 대한 배려가 크시고, 시험문제는 학생들 수준에 맞춰서 조정하셔서 내시는것 같아요. 이번에 시험문제들은 진짜 예제 꼼꼼하게 공부하고 practice 풀줄만 아는 계산능력을 지녔다면 다 풀수 있는 정도였어요!제가 놓친 거였지 흙흙 학점비율은 이준환교수님네 회로이론반도 있기때문에 그 교수님과 함께 얘길나눠서 학점비율을 조정하신다하셨어요! 퀴즈는 매번 3점짜리고 2주에 한번 보는데 ㄹㅇ 기본문제니까 복습만 하고 가면 다 풀수 있어요 의외로 이번에 0점 맞는 분들이 많으시더라구요.."
H020-4-8995-01,2020-1,교수님 설명 잘해주시고 친절하심 퀴즈랑 시험문제도 공부했으면 다 풀 수 있는 수준으로 출제됨
H020-4-9615-01,2020-1,"존잼 수업. 비록 학점은 망했지만, 집중도 잘되고, 교수님이 주시는거만 잘 받아먹으면, 시험은 그럭저럭봄. 퀴즈는 격주로 한번씩보고, 수업내용은 영어입니다."
H020-4-9720-01,2020-1,학점은 시험본대로 나옵니다
0000-2-0266-01,2020-2,조별은 동영상 조원들이랑 찍는거 한번 좀 귀찮음
0000-2-7472-01,2020-2,교수님이 대충하시는데 첫강의때 한번 나오시고 그다음부터 인강두번 실강 1번으로 매주차를 떼우심
0000-3-0261-01,2020-2,심지어 실강때 자기밑에서 석사인가 하는 사람이 나옴
0000-3-0265-01,2020-2,인강보면 하시는 말씀도 틀리시고 전문성 없으신듯
0000-4-0262-01,2020-1,처음이자 마지막 첫강의 때도 뭐가 바쁜지 자기가 매우 바빠서 늦었다 한것 같음
0000-3-6026-01,2020-2,전체적으로 강의는 그냥 그런데 교직에서 뭘 바라는건 아니니까
0000-3-8605-01,2020-2,너무 날로 먹음 이래서 교직 사라지나 싶은 본보기 교수님
0000-3-9745-01,2020-2,빛 ---------- 윤희 말이 필요없습니다 외않들어요?
0000-4-3538-01,2020-2,의견을 서로 교류하고 팀플도 하면서 친해질 수 있었어요.
0000-3-6217-01,2020-2,좋은 팀원들 만나 즐거운 한 학기를 보냈습니다.
0000-3-6224-01,2020-2,교수님 최고ㅜㅜ
H000-1-3362-01,2020-2,과제를 매일 내주시지만 나름 과제 찾느라 고생하면 수업시간에 저게 몬 멍멍이 소리인가
H000-1-3362-02,2020-2,하던걸 이해할 수 있음. 솔직하게 모른다그러면 잘 알려주심
H000-1-3362-03,2020-2,시험은 그냥 과제로 내준거랑 책 예제문제 풀면 다 맞음
H000-1-3362-04,2020-2,성적은 맘에 드는데 과제는 헬이에요
0000-4-6585-01,2020-1,중간이후로 따라잡기 너무 힘들엇어요 ㅋㅋ
H000-1-3362-05,2020-2,매시간 10분 늦게와서 15분 딴소리하고 10분 늦게끝냄
H000-1-3362-06,2020-2,과제 거의 매시간나옴
H000-1-3362-07,2020-2,그래도 교수님 수업은 잘하시던데 과제가 매시간마다 나와서 좀 빡빡한 경향이 없지는 않음
H000-1-3362-08,2020-2,회로이론 복습 잘하고 수업들어야지 안그러면 따라가기 좀 힘듬
H000-1-3362-09,2020-2,너무도 많이 포기하는 과목(포기만 하지않는다면 A0)
H000-1-3416-01,2020-2,한글판은 쓸모없음 기말이랑 중간이 원서에서 발췌 되기 때문
H000-1-3416-02,2020-2,단점은 교수님의 쓴소리와 분량이 많다? (중요한 부분에 치중해서 설명 해서 어느정도 괜찮음)
H000-1-3416-03,2020-2,"과제 22차까지 있어요. 매수업 끝나고 1차,2차... n차 과제가 나갑니다. 즉 과제 수가 수업횟수랑 똑같다고 보시면 되요. 쉬운 것도 아님 교수는 지가 늦게 오고 지가 늦게끝냄 최악 쓰레기"
H000-1-3417-01,2020-2,하드웨어를 전공하신 분이라 컴퓨터의 기본을 이루는 트랜지스터와 기본 회로의 원리를 이해하기 쉽게 잘 설명해주십니다.
H000-1-4626-01,2020-2,교수님이 비교적 이해하기 쉽게 잘 설명해주십니다.